,캠핑장ID,야영장명,태그
0,1,(주)데일리랜드 ,산맥 수풀 수영장 오토 장비 
1,2,(주)디노담양힐링파크 지점,호수 수영장 오토 글램핑 카라반 산책로 아이들 체험 
2,3,(주)쉐르빌리안티티,산맥 강가 수영장 글램핑 아이들 
3,4,(주)아웃오브파크,산맥 강가 카라반 
4,5,(주)양촌여울체험캠프,산맥 수풀 수영장 오토 카라반 애완견 산책로 체험 트레일러 
5,6,(주)어반슬로우시티,산맥 호수 수풀 오토 글램핑 카라반 
6,7,쥴리어스지점 휴토피아,수풀 강가 수영장 글램핑 
7,8,(주)자연에너지-드림랜드오토캠핑장,산맥 계곡 수영장 오토 산책로 아이들 장비 트레일러 
8,9,(주)자연인 ,수풀 글램핑 
9,10,(주)태평소금 천일염 힐링캠프,섬섬 수영장 카라반 아이들 장비 체험 트레일러 
10,11,505펜션&캠핑(오공오),수풀 수영장 오토 산책로 아이들 장비 트레일러 
11,12,80 SS 오토캠핑장,수풀 수영장 오토 글램핑 아이들 장비 트레일러 
12,13,A&J오토캠핑장 ,산맥 계곡 수풀 
13,14,Camp 1950 by 민들레울,수풀 수영장 오토 글램핑 산책로 아이들 장비 
14,15,CLUB 596,바다 수영장 글램핑 산책로 아이들 체험 
15,16,DMZ 마루캠핑,강가 수영장 오토 아이들 트레일러 
16,17,DMZ캠핑장 ,산맥 계곡 오토 
17,18,F1 오토캠핑장 ,바다 카라반 트레일러 
18,19,Najost Camp,계곡 오토 카라반 장비 체험 트레일러 
19,20,THATS CAMPING 횡성자연휴양림야영장,산맥 수영장 오토 글램핑 카라반 아이들 트레일러 
20,21,The Star 오토캠핑장,섬섬 수풀 바다 수영장 오토 카라반 아이들 장비 트레일러 
21,22,VIP오토캠핑장 ,산맥 계곡 오토 아이들 
22,23,W글램핑 ,강가 글램핑 아이들 체험 
23,24,YC글램핑,산맥 계곡 수풀 수영장 글램핑 
24,25,YELLOW HILL,산맥 수풀 
25,26,㈜씨스테이 야영장 ,섬섬 수영장 글램핑 
26,27,㈜제주글램핑,산맥 수풀 수영장 글램핑 아이들 
27,28,가람관광농원,산맥 호수 수풀 수영장 아이들 체험 트레일러 
28,29,가래골농원 캠핑장 ,산맥 수풀 수영장 아이들 장비 체험 트레일러 
29,30,가루실캠프 ,수풀 수영장 오토 글램핑 애완견 아이들 장비 트레일러 
30,31,가리산자연휴양림 야영장,산맥 수풀 오토 아이들 
31,32,가마실캠핑장 ,산맥 계곡 호수 수풀 수영장 아이들 장비 트레일러 
32,33,가산 글램핑 ,수풀 수영장 글램핑 카라반 산책로 아이들 
33,34,가산산성 야영장 ,산맥 오토 
34,35,가야권역 소리마실 영농조합법인 ,산맥 계곡 수영장 애완견 아이들 체험 트레일러 
35,36,가야랜드달빛야영장 ,수풀 강가 
36,37,가온누리캠핑체험장 ,수풀 수영장 오토 산책로 아이들 장비 트레일러 
37,38,가우도카라반펜션,바다 수영장 오토 카라반 아이들 
38,39,가은해솔캠핑장,수풀 수영장 오토 트레일러 
39,40,변산 오토캠핑장,바다 카라반 
40,41,가족쉼터,계곡 수풀 오토 아이들 
41,42,청계산 골든밸리 가족캠핑장,산맥 수풀 도심 오토 글램핑 
42,43,가지산 자연캠핑장 ,산맥 계곡 수풀 오토 
43,44,가창농원 야영장 ,산맥 수풀 수영장 오토 트레일러 
44,45,가평 사과나무 캠핑장 ,산맥 수풀 오토 아이들 
45,46,가평 운악홀리데이 캠핑장,산맥 글램핑 카라반 산책로 아이들 
46,47,가평황토은글램핑,산맥 계곡 수풀 수영장 글램핑 아이들 
47,48,흑석산 자연 휴양림,산맥 수풀 수영장 아이들 
48,49,각화산 힐링 숲 캠프,산맥 오토 아이들 
49,50,각흘봉관광농원,산맥 계곡 수풀 오토 체험 
50,51,간월도캠핑장,바다 카라반 산책로 
51,52,갈기산펜션캠핑장 ,산맥 계곡 수영장 오토 아이들 
52,53,갈천 오토캠핑장 ,산맥 계곡 오토 아이들 
53,54,감 이야기 캠핑장,산맥 계곡 수풀 수영장 오토 아이들 장비 트레일러 
54,55,감악산캠핑숲오토캠핑장,계곡 수영장 오토 아이들 장비 체험 트레일러 
55,56,강나루 오토캠핑장 ,강가 산책로 아이들 트레일러 
56,57,강나루 캠핑장,강가 트레일러 
57,58,강당골캠핑파크,계곡 수풀 수영장 오토 아이들 트레일러 
58,59,강동 그린웨이 가족캠핑장 ,도심 오토 아이들 
59,60,강릉 노추산 힐링캠프,계곡 수풀 오토 애완견 산책로 아이들 
60,61,강변사리 캠핑장,산맥 수영장 아이들 체험 트레일러 
61,62,강변오토캠핑장 ,강가 수영장 오토 애완견 아이들 장비 트레일러 
62,63,강산에 글램핑,산맥 계곡 수풀 수영장 글램핑 산책로 아이들 장비 
63,64,강원도산림개발연구원 집다리골자연휴양림,산맥 계곡 수풀 수영장 오토 산책로 아이들 체험 트레일러 
64,65,강원도힐링캠핑장 ,계곡 수영장 오토 아이들 장비 체험 트레일러 
65,66,큐브빌리지글램핑,산맥 수풀 수영장 글램핑 아이들 장비 트레일러 
66,67,강천산캠핑,산맥 수풀 수영장 카라반 아이들 
67,68,강촌관광농원,산맥 계곡 수영장 글램핑 아이들 
68,69,강촌달머리캠핑장,산맥 수풀 수영장 오토 산책로 아이들 장비 
69,70,강촌하늘아래,강가 수영장 오토 글램핑 아이들 장비 트레일러 
70,71,강촌포도펜션오토캠핑장,계곡 오토 아이들 트레일러 
71,72,강화고인돌 캠핑장,섬섬 수영장 아이들 장비 
72,73,강화도산들애농원캠핑수영장 ,산맥 수풀 수영장 오토 아이들 장비 체험 트레일러 
73,74,강화캠핑파크 ,수풀 오토 글램핑 장비 
74,75,개금불 어뮤니티 ,산맥 계곡 수풀 아이들 
75,76,개미들솔향기야영장,산맥 계곡 수풀 오토 
76,77,개암벌 용소 관광농원 캠핑장,계곡 오토 애완견 아이들 트레일러 
77,78,거북바위 야영장,산맥 오토 
78,79,거제글램퍼스 ,산맥 수풀 바다 산책로 아이들 
79,80,거제자연휴양림 ,산맥 계곡 수풀 오토 아이들 
80,81,거창A글램핑,산맥 계곡 수영장 글램핑 
81,82,경주 힐링캠프,계곡 수풀 수영장 글램핑 아이들 트레일러 
82,83,경주글램존,수풀 수영장 글램핑 트레일러 
83,84,경주남산관광농원,수풀 수영장 글램핑 카라반 산책로 아이들 
84,85,경주초우오토캠핑장 ,도심 수영장 아이들 트레일러 
85,86,강화캐라반캠핑장,바다 글램핑 
86,87,경호강 캠핑장 ,산맥 수풀 수영장 산책로 아이들 
87,88,계곡과소나무 오토캠핑장 ,산맥 산책로 아이들 
88,89,계룡산글램핑 ,수풀 수영장 글램핑 
89,90,계룡산글램핑파크 오브드림,수풀 수영장 글램핑 
90,91,계룡산동학사자동차야영장,수풀 
91,92,계림정야영장 ,계곡 수풀 오토 아이들 트레일러 
92,93,계명산 나무숲길 캠핑장,산맥 계곡 수풀 수영장 오토 아이들 
93,94,계명산 자연휴양림 ,산맥 계곡 수풀 수영장 오토 아이들 
94,95,계방산 오토캠핑장,수풀 수영장 아이들 트레일러 
95,96,고길동 캠핑장 ,산맥 수영장 오토 아이들 장비 트레일러 
96,97,고대산캠핑리조트 ,계곡 수풀 글램핑 카라반 아이들 
97,98,고라데이마을,산맥 수풀 오토 산책로 트레일러 
98,99,고래숲관광농원,산맥 수풀 바다 오토 
99,100,고산 무궁화 오토캠핑장,산맥 카라반 아이들 
100,101,고성 남산공원 오토캠핑장 ,바다 글램핑 카라반 아이들 체험 트레일러 
101,102,고성다이노캠핑장 ,수풀 수영장 오토 글램핑 카라반 산책로 
102,103,고성잔디캠핑장,산맥 수영장 산책로 아이들 장비 체험 트레일러 
103,104,고성패밀리캠핑장,산맥 수영장 글램핑 아이들 체험 
104,105,태백산 고원자연휴양림 야영장,산맥 수풀 오토 산책로 
105,106,고인돌 펜션&캠핑장,강가 수영장 오토 아이들 장비 체험 트레일러 
106,107,양양 고인돌오토캠핑장,산맥 계곡 아이들 트레일러 
107,108,고향펜션캠핑,산맥 계곡 수풀 수영장 애완견 아이들 트레일러 
108,109,곡성 키즈글램핑 ,산맥 수풀 글램핑 체험 
109,110,골체오름캠핑 ,산맥 섬섬 오토 산책로 
110,111,곰섬야영장 ,바다 오토 애완견 장비 체험 
111,112,공릉관광지 캠핑장 ,산맥 수풀 오토 카라반 장비 
112,113,공작산계곡 오토캠핑장,산맥 계곡 수풀 산책로 
113,114,공주계곡캠핑장 ,계곡 오토 애완견 산책로 아이들 장비 트레일러 
114,115,공주산림휴양마을 ,산맥 수풀 오토 아이들 체험 
115,116,공주한옥마을 웅진오토캠핑장 ,산맥 아이들 트레일러 
116,117,광교호수공원 가족캠핑장 ,호수 수풀 도심 아이들 
117,118,광릉분재예술공원 캠핑장 ,산맥 수풀 
118,119,광릉솔개캠핑장,산맥 수풀 수영장 산책로 아이들 장비 체험 
119,120,광릉숲 이야기 관광농원 ,수풀 수영장 아이들 장비 체험 
120,121,광명도덕산캠핑장,도심 오토 아이들 장비 
121,122,광주시민의 숲 야영장 ,수풀 강가 오토 아이들 트레일러 
122,123,괴강국민여가캠핑장 ,산맥 도심 강가 수영장 오토 산책로 아이들 트레일러 
123,124,교동아일랜드,섬섬 수영장 오토 카라반 아이들 장비 트레일러 
124,125,교래생태체험장 ,산맥 섬섬 수풀 오토 산책로 장비 체험 트레일러 
125,126,교래자연휴양림 야영장 ,산맥 수풀 산책로 아이들 
126,127,구룡레져타운야영장,호수 오토 글램핑 카라반 아이들 체험 트레일러 
127,128,구룡자동차야영장,산맥 수풀 
128,129,구름계곡캠핑장,계곡 수풀 오토 산책로 아이들 장비 트레일러 
129,130,구름포오토캠핑장 ,산맥 수풀 바다 
130,131,구름포해수욕장카라반,바다 오토 글램핑 카라반 산책로 아이들 장비 트레일러 
131,132,구리 토평 가족캠핑장,수풀 도심 강가 
132,133,구마이오토캠핑장,산맥 계곡 오토 아이들 체험 트레일러 
133,134,구만동오토캠핑장 ,계곡 아이들 장비 트레일러 
134,135,구만산장 캠핑장 ,산맥 계곡 수풀 수영장 오토 아이들 체험 트레일러 
135,136,구미 캠핑장,수풀 오토 카라반 아이들 트레일러 
136,137,구산오토캠핑장,바다 수영장 산책로 아이들 
137,138,구수곡 자연휴양림 ,산맥 수풀 수영장 오토 아이들 
138,139,구시포 해수욕장 노을 캠핑장,바다 산책로 아이들 트레일러 
139,140,구암농원,강가 카라반 
140,141,구천계곡야영장,산맥 계곡 수풀 아이들 
141,142,구천동가는길 카라반,산맥 계곡 수풀 카라반 
142,143,국립가리왕산자연휴양림 ,산맥 계곡 수풀 오토 아이들 체험 트레일러 
143,144,국립검마산자연휴양림,산맥 계곡 수풀 오토 애완견 산책로 아이들 체험 
144,145,국립검봉산자연휴양림야영장,산맥 수풀 오토 아이들 체험 
145,146,국립나주박물관 야외체험장,산맥 수풀 아이들 
146,147,국립낙안민속자연휴양림야영장,산맥 수풀 오토 아이들 
147,148,국립남해편백자연휴양림 ,산맥 수풀 오토 아이들 체험 
148,149,국립두타산자연휴양림,산맥 계곡 수풀 오토 아이들 체험 트레일러 
149,150,국립미천골자연휴양림,산맥 계곡 수풀 오토 아이들 체험 트레일러 
150,151,국립삼봉자연휴양림 야영장,산맥 계곡 수풀 오토 아이들 체험 트레일러 
151,152,국립용화산자연휴양림,산맥 수풀 오토 산책로 아이들 체험 트레일러 
152,153,국립유명산자연휴양림(자동차),산맥 수풀 아이들 트레일러 
153,154,국립청태산자연휴양림,산맥 수풀 
154,155,국립지리산 자연휴양림 ,산맥 수풀 오토 아이들 체험 
155,156,국립천관산자연휴양림,산맥 수풀 오토 아이들 체험 
156,157,국립청옥산자연휴양림,산맥 수풀 아이들 
157,158,국립칠보산자연휴양림,산맥 계곡 수풀 오토 아이들 체험 트레일러 
158,159,국립황정산 자연휴양림,산맥 계곡 수풀 오토 아이들 체험 
159,160,국립회문산자연휴양림,산맥 수풀 오토 아이들 체험 
160,161,국망봉 자연휴양림캠핑장,산맥 수풀 오토 산책로 아이들 트레일러 
161,162,국민여가캠핑장,수풀 수영장 오토 카라반 애완견 아이들 체험 트레일러 
162,163,국민운문산자연휴양림야영장,산맥 계곡 수풀 수영장 오토 산책로 아이들 체험 
163,164,국토정중앙천문대야영장,산맥 오토 아이들 트레일러 
164,165,굼벵이캠핑농원 ,수풀 바다 오토 아이들 트레일러 
165,166,굿뜨래웰빙마을 글램핑(일반),수풀 수영장 글램핑 트레일러 
166,167,귀한농부학교 캠핑장 ,수풀 수영장 오토 산책로 아이들 체험 
167,168,귤빛캠핑장 ,수풀 
168,169,귤암리캠핑장 ,강가 오토 아이들 트레일러 
169,170,그날카라반 ,산맥 수영장 카라반 
170,171,그루터기캠핑장 ,계곡 수영장 트레일러 
171,172,그린스톤 오토캠핑장 ,산맥 계곡 수풀 수영장 오토 산책로 장비 트레일러 
172,173,그린하우스캠핑장 ,계곡 수풀 수영장 오토 애완견 아이들 장비 트레일러 
173,174,그림나래 힐링캠프 ,바다 수영장 카라반 아이들 
174,175,글램바오캠핑장,강가 수영장 글램핑 아이들 
175,176,글램비글램핑,섬섬 바다 수영장 글램핑 카라반 아이들 
176,177,글램퍼스양평,산맥 수풀 수영장 글램핑 
177,178,글램핑 앤 카라반 (포항) ,바다 수영장 카라반 애완견 아이들 
178,179,글램핑 판 ,산맥 강가 수영장 산책로 아이들 
179,180,글램핑스토리,산맥 계곡 수풀 수영장 아이들 
180,181,글램핑앤카라반 ,산맥 수풀 수영장 글램핑 카라반 아이들 
181,182,글램핑코리아 애견캠핑장,수풀 글램핑 장비 
182,183,금강송 체험 야영장,산맥 수풀 오토 아이들 
183,184,금광관광농원 캠핑장 ,산맥 수풀 수영장 
184,185,금대자동차야영장,산맥 수풀 
185,186,금동산야,산맥 수풀 오토 산책로 아이들 체험 
186,187,금박산관광농원,산맥 
187,188,금방아 민박캠핑장,계곡 장비 체험 
188,189,금산산림문화타운,산맥 계곡 수풀 수영장 아이들 체험 트레일러 
189,190,금수문화공원 야영장,산맥 계곡 오토 산책로 트레일러 
190,191,금오도 야영장 ,섬섬 바다 수영장 오토 글램핑 산책로 아이들 트레일러 
191,192,금오산 야영장 ,산맥 수풀 수영장 
192,193,허브하우스 금오산힐링타운,수풀 수영장 오토 글램핑 산책로 아이들 장비 트레일러 
193,194,금원산 자연휴양림 ,산맥 계곡 아이들 
194,195,금은모래 캠핑장,강가 수영장 오토 아이들 체험 트레일러 
195,196,기산골캠핑장 ,산맥 호수 수풀 수영장 오토 아이들 장비 트레일러 
196,197,기장일출랜드 ,바다 수영장 카라반 아이들 체험 
197,198,길캠프 ,계곡 오토 장비 
198,199,김삿갓 계곡 캠핑장 ,계곡 오토 아이들 장비 트레일러 
199,200,김삿갓휴게소 체험 캠핑장,강가 오토 아이들 장비 체험 트레일러 
200,201,김천부항댐 산내들 오토캠핑장 ,강가 수영장 산책로 장비 트레일러 
201,202,김포 황토테마파크 ,수풀 오토 아이들 장비 
202,203,김포한강오토캠핑장 ,산맥 호수 수풀 바다 도심 강가 수영장 오토 글램핑 카라반 
203,204,깊은골캠핑장,산맥 계곡 수풀 수영장 산책로 아이들 장비 트레일러 
204,205,깊이울달빛캠핑장 ,호수 오토 장비 
205,206,꽃주렁나무주렁캠핑장 ,호수 수풀 수영장 오토 아이들 장비 트레일러 
206,207,꾸러기 캠핑장 ,수풀 도심 수영장 오토 애완견 산책로 아이들 체험 트레일러 
207,208,드림이벤트,산맥 호수 수풀 수영장 글램핑 애완견 아이들 트레일러 
208,209,꿈꾸는시계 ,수풀 강가 수영장 오토 아이들 
209,210,꿈꾸는캠핑장 ,산맥 계곡 수풀 수영장 오토 아이들 트레일러 
210,211,꿈애 오토캠핑장 ,수풀 수영장 애완견 아이들 트레일러 
211,212,꿈에그린 캠핑장 ,산맥 수풀 수영장 오토 아이들 체험 트레일러 
212,213,꿈엔들 캠프장,계곡 글램핑 장비 트레일러 
213,214,양평 키즈 글램핑,수풀 수영장 글램핑 아이들 장비 트레일러 
214,215,꿈의대화캠핑장 ,수풀 글램핑 산책로 아이들 
215,216,나그네캠핑장 ,수풀 수영장 오토 애완견 아이들 트레일러 
216,217,나드리야영장,계곡 오토 트레일러 
217,218,나로힐링캠핑장 ,바다 
218,219,나린오토캠핑장 ,강가 수영장 애완견 아이들 장비 트레일러 
219,220,나무새 관광농원,산맥 수풀 수영장 애완견 아이들 장비 트레일러 
220,221,나봄야영장 ,수풀 수영장 
221,222,낙동강 레포츠밸리 강변오토캠핑장,강가 아이들 트레일러 
222,223,낙동강레포츠밸리지구오토캠핑장,강가 수영장 오토 카라반 산책로 아이들 
223,224,남강 캠프,강가 
224,225,남양주 휴림캠핑장 ,산맥 수풀 수영장 오토 아이들 장비 트레일러 
225,226,남원 백두대간 국민여가캠핑장,산맥 수풀 산책로 아이들 트레일러 
226,227,남원 자연휴양림 ,산맥 수풀 오토 체험 
227,228,낭만가족 캠핑장 ,산맥 수풀 수영장 오토 아이들 트레일러 
228,229,낭만에코파크,호수 수풀 수영장 오토 산책로 아이들 트레일러 
229,230,낭만캠프 ,수풀 강가 수영장 글램핑 카라반 장비 
230,231,내리금봉캠핑장 ,계곡 오토 
231,232,내린천솔밭힐링캠핑장,계곡 수영장 오토 트레일러 
232,233,내안의 숲 오토캠핑장 ,수풀 도심 수영장 오토 아이들 트레일러 
233,234,내원자동차야영장 ,산맥 계곡 수풀 오토 트레일러 
234,235,내장산국립공원 내장야영장 ,산맥 계곡 수풀 오토 트레일러 
235,236,내평계곡야영장,계곡 오토 트레일러 
236,237,너와나 야영장 ,계곡 오토 
237,238,너와두리농촌캠핑장,수풀 수영장 오토 산책로 아이들 장비 체험 트레일러 
238,239,노원힐링캠핑장,산맥 수영장 오토 산책로 아이들 
239,240,노꼬담꼬 ,산맥 수풀 오토 글램핑 애완견 아이들 장비 
240,241,노동오토캠핑장 ,수풀 오토 산책로 트레일러 
241,242,노르딕 민박,호수 
242,243,노을공원 노을캠핑장 ,수풀 도심 강가 
243,244,노일강 캠핑장 ,산맥 오토 애완견 트레일러 
244,245,녹두장군 전봉준관,도심 오토 산책로 체험 트레일러 
245,246,녹색 오토캠핑장,계곡 수풀 수영장 오토 아이들 장비 트레일러 
246,247,녹수원글램핑,수풀 수영장 글램핑 아이들 
247,248,논산 탑정호글램핑 ,산맥 수풀 강가 수영장 오토 글램핑 애완견 아이들 장비 체험 트레일러 
248,249,놀터글램핑 ,산맥 수영장 글램핑 산책로 아이들 
249,250,농어바위캠핑장,섬섬 오토 카라반 장비 체험 트레일러 
250,251,농업법인주식회사 고운힐링팜 ,산맥 수풀 수영장 글램핑 아이들 장비 트레일러 
251,252,봉산극기체험권역캠핑장,도심 수영장 오토 산책로 
252,253,하늘빛수목원,산맥 수풀 수영장 글램핑 아이들 체험 
253,254,농업회사법인주식회사 태신목장예산지점,수풀 오토 아이들 체험 
254,255,농월정오토캠핑장,계곡 수풀 아이들 트레일러 
255,256,농협회사법인 봉좌마을 캠핑장 ,산맥 계곡 수영장 오토 글램핑 산책로 아이들 체험 트레일러 
256,257,바인밸리 수영장 캠핑장,산맥 수영장 오토 글램핑 카라반 애완견 산책로 트레일러 
257,258,누룽지,산맥 수영장 오토 애완견 산책로 아이들 체험 트레일러 
258,259,느랭이골,산맥 수풀 글램핑 아이들 
259,260,느티나무 캠핑장,산맥 계곡 수풀 오토 
260,261,느티나무그늘아래 캠핑장 ,산맥 수풀 수영장 오토 애완견 아이들 장비 트레일러 
261,262,느티나무쉼터,강가 수영장 아이들 장비 트레일러 
262,263,느티나무야영장 ,산맥 계곡 수풀 수영장 오토 애완견 아이들 
263,264,늘솔길캠핑촌 ,산맥 수풀 오토 애완견 장비 
264,265,늘편한캠핑장,계곡 오토 카라반 
265,266,늘푸른 관광농원,산맥 오토 트레일러 
266,267,늘푸른 체험학교,수풀 수영장 글램핑 아이들 장비 체험 트레일러 
267,268,늘푸른펜션캠핑장,산맥 오토 
268,269,늘푸른캠핑장,산맥 
269,270,늘해랑캠핑장 ,산맥 계곡 수영장 
270,271,다람쥐 쉼터 ,산맥 계곡 수풀 오토 트레일러 
271,272,다릿재농원캠핑장,산맥 계곡 수영장 오토 글램핑 애완견 아이들 장비 트레일러 
272,273,다볼펜션 ,산맥 수영장 산책로 아이들 
273,274,다솔관광농원,산맥 수풀 
274,275,다온,도심 수영장 카라반 산책로 아이들 체험 
275,276,다옴 햇골 캠핑장 ,강가 오토 트레일러 
276,277,다인리조트 카라반 ,섬섬 바다 카라반 
277,278,다인캠핑장 ,산맥 수영장 
278,279,닥박골 휴양림 ,산맥 계곡 수풀 수영장 아이들 
279,280,단양 무지개 오토캠핑장,수풀 수영장 오토 아이들 장비 트레일러 
280,281,단호샌드파크 자동차야영장 ,강가 수영장 오토 글램핑 카라반 산책로 아이들 트레일러 
281,282,달곡캠프 ,산맥 수풀 수영장 아이들 체험 트레일러 
282,283,달과별 캠핑장 ,산맥 계곡 오토 아이들 트레일러 
283,284,달궁자동차 야영장,산맥 계곡 산책로 
284,285,달빛고운 월성 자연학습관,산맥 수풀 산책로 아이들 
285,286,달빛고운병곡캠핑장 ,산맥 계곡 수영장 오토 체험 트레일러 
286,287,달빛글램핑장,산맥 계곡 수풀 수영장 글램핑 산책로 아이들 
287,288,달숲 캠핑장,산맥 수풀 수영장 오토 아이들 장비 트레일러 
288,289,달이머무는집 ,수풀 강가 오토 산책로 트레일러 
289,290,달자캠핑장 ,산맥 수풀 수영장 오토 아이들 
290,291,달천공원오토캠핑장 ,산맥 계곡 수풀 도심 카라반 애완견 아이들 장비 트레일러 
291,292,달콤한 캠핑장 ,수풀 수영장 글램핑 애완견 아이들 체험 트레일러 
292,293,담양 대나무골 야영장 ,수풀 
293,294,담터오지캠핑장,산맥 계곡 수풀 오토 아이들 트레일러 
294,295,당진해양캠핑공원 ,바다 오토 아이들 
295,296,당평오토캠핑장 ,강가 
296,297,당항포 오토캠핑장,도심 수영장 산책로 아이들 트레일러 
297,298,대가야역사테마관광지 캠핑장,수풀 오토 아이들 
298,299,지리산 대경캠핑장,산맥 강가 수영장 아이들 트레일러 
299,300,대관령솔내음오토캠핑장,산맥 수풀 오토 카라반 애완견 산책로 아이들 체험 트레일러 
300,301,대궐오토캠핑장 ,산맥 글램핑 산책로 아이들 장비 
301,302,대기농촌체험휴양마을 ,산맥 수풀 산책로 
302,303,대기리산촌체험학교야영장,수풀 수영장 오토 산책로 
303,304,대덕산농원캠핑장 ,산맥 수영장 오토 글램핑 아이들 체험 
304,305,대도파라다이스 ,산맥 수영장 아이들 
305,306,대둔산 그린시티 오토캠핑장 ,산맥 수풀 수영장 글램핑 아이들 트레일러 
306,307,대둔산글램핑캠핑장 ,산맥 수풀 수영장 글램핑 아이들 
307,308,대부도캠핑성 ,바다 수영장 글램핑 아이들 장비 
308,309,대성글램핑,수풀 수영장 글램핑 애완견 산책로 아이들 장비 체험 
309,310,대왕암공원 캠핑장,수풀 바다 카라반 아이들 
310,311,대운산 자연휴양림 ,산맥 수풀 오토 아이들 
311,312,대장경오토캠핑장,산맥 수영장 아이들 트레일러 
312,313,용인대장금파크캠핑장,산맥 오토 글램핑 카라반 산책로 아이들 체험 
313,314,대저생태공원 캠핑장,도심 오토 산책로 트레일러 
314,315,대천오토캠핑장,수풀 아이들 장비 체험 트레일러 
315,316,대청마루 물소리,수풀 강가 
316,317,팝콘야영장,산맥 수영장 산책로 
317,318,대현캠핑장,계곡 
318,319,대호레져글램핑 ,강가 수영장 오토 글램핑 아이들 트레일러 
319,320,대회산캠핑장 ,산맥 계곡 수풀 수영장 글램핑 아이들 장비 체험 트레일러 
320,321,더드림핑 야영장,강가 수영장 글램핑 카라반 애완견 산책로 아이들 장비 트레일러 
321,322,더무빙카라반 ,바다 수영장 카라반 아이들 장비 
322,323,더불어사는터 ,계곡 오토 트레일러 
323,324,더숲관광농원캠핑장,섬섬 수풀 오토 트레일러 
324,325,더시크릿가든 캠프지라운드 ,산맥 계곡 수풀 강가 오토 글램핑 카라반 산책로 아이들 체험 트레일러 
325,326,더캠프 렌탈캠핑 ,계곡 수풀 수영장 오토 애완견 아이들 장비 트레일러 
326,327,더 프라우드,산맥 수영장 글램핑 카라반 애완견 아이들 
327,328,더하루야영장 ,산맥 계곡 수풀 수영장 카라반 
328,329,덕동 산마루캠핑장 ,계곡 애완견 아이들 트레일러 
329,330,덕동 산상낙원 ,산맥 수영장 오토 애완견 아이들 장비 트레일러 
330,331,덕동골 오토캠핑장 ,계곡 오토 아이들 장비 트레일러 
331,332,덕동자동차야영장,산맥 
332,333,덕산국민여가캠핑장,산맥 섬섬 수풀 수영장 오토 아이들 
333,334,덕암호캠핑장 ,산맥 수풀 수영장 
334,335,덕유대 자동차야영장 ,산맥 계곡 수풀 아이들 
335,336,무주덕유산계곡글램핑,산맥 계곡 수풀 수영장 글램핑 카라반 트레일러 
336,337,덕유산 자연휴양림 ,산맥 수풀 오토 산책로 체험 트레일러 
337,338,덕유산700휠링캠프,산맥 계곡 수풀 수영장 오토 카라반 아이들 트레일러 
338,339,덕유캠프농장 ,계곡 오토 글램핑 체험 트레일러 
339,340,덕포진누리마을캠핑장,강가 
340,341,덕풍계곡마을야영장,산맥 계곡 수풀 오토 아이들 체험 트레일러 
341,342,덕풍계곡솔밭야영장,산맥 계곡 수풀 오토 아이들 트레일러 
342,343,덤바위 캠핑장 ,수풀 수영장 오토 아이들 
343,344,도고온천모두캠핑장 ,도심 오토 트레일러 
344,345,도둑골 야영장 ,산맥 계곡 
345,346,도래재별빛마을캠핑장 ,산맥 수풀 수영장 산책로 아이들 트레일러 
346,347,도레미 캠핑장 ,수풀 수영장 오토 산책로 아이들 트레일러 
347,348,도리돌 캠핑장 ,계곡 수풀 아이들 트레일러 
348,349,도림사오토캠핑장,호수 강가 오토 카라반 산책로 아이들 트레일러 
349,350,도마치캠핑장 ,계곡 수풀 아이들 장비 트레일러 
350,351,도사곡자연휴양림야영장,산맥 수풀 오토 아이들 트레일러 
351,352,도원패밀리캠핑장,계곡 수풀 오토 애완견 아이들 장비 체험 
352,353,도토리캠프 ,산맥 계곡 수영장 오토 산책로 아이들 체험 트레일러 
353,354,돌고래 하우스 카라반,산맥 바다 
354,355,돌고래오토캠핑장,산맥 수풀 
355,356,돌고래오토캠핑장2,산맥 수풀 
356,357,돌고래펜션야영장(일반) ,산맥 
357,358,돌담캠핑장,산맥 수풀 수영장 오토 글램핑 트레일러 
358,359,돌배야영장(제1야영장) ,계곡 오토 트레일러 
359,360,돌배야영장(제2야영장) ,수풀 오토 트레일러 
360,361,돌집야영장,계곡 바다 강가 오토 트레일러 
361,362,돌풀마루 ,산맥 수풀 글램핑 카라반 
362,363,동강글램핑,강가 수영장 글램핑 아이들 장비 체험 
363,364,동검도노을캠핑장,섬섬 오토 장비 
364,365,동광농촌체험마을 ,수풀 
365,366,동그라미캠핑장 ,산맥 수풀 강가 아이들 
366,367,횡성동당미계곡캠핑장,산맥 계곡 수영장 산책로 
367,368,동막골야영장 ,계곡 오토 애완견 
368,369,동방캠핑하우스 ,산맥 수영장 
369,370,망상 오토캠핑리조트,바다 카라반 산책로 트레일러 
370,371,동화야영장 ,산맥 오토 아이들 
371,372,동화카라반캠핑장 ,수풀 도심 강가 수영장 카라반 아이들 장비 
372,373,동화힐링캠프 ,산맥 수풀 수영장 글램핑 카라반 산책로 아이들 장비 체험 
373,374,돼지문화원 카라반 ,산맥 수영장 카라반 아이들 체험 
374,375,두곡해수욕장야영장 ,바다 아이들 
375,376,두레관광농원 아리솔캠핑장,산맥 계곡 수풀 아이들 트레일러 
376,377,두리캠핑장,수풀 수영장 오토 아이들 트레일러 
377,378,두멍소관광농원,산맥 수풀 
378,379,두모마을야영장,산맥 바다 오토 아이들 체험 트레일러 
379,380,두산분교 캠핑장,계곡 오토 장비 
380,381,둔내캠프 ,계곡 수영장 트레일러 
381,382,둘레길관광농원,산맥 계곡 수영장 오토 산책로 아이들 체험 트레일러 
382,383,둥글이네 ,계곡 오토 아이들 장비 트레일러 
383,384,둥지캠핑장,계곡 수풀 수영장 오토 글램핑 산책로 아이들 장비 트레일러 
384,385,둥지펜션 캠핑장 ,산맥 계곡 수풀 도심 
385,386,득량만풍광휴식센터 ,바다 카라반 
386,387,든해솔 계곡캠핑장,산맥 계곡 오토 아이들 
387,388,들꽃피는언덕 캠핑장,산맥 수풀 수영장 오토 글램핑 애완견 아이들 장비 트레일러 
388,389,들살이오토캠핑장 ,산맥 계곡 수풀 애완견 장비 트레일러 
389,390,I go 오토캠핑장 ,산맥 계곡 수영장 오토 애완견 산책로 트레일러 
390,391,들소리 키즈 글램핑,산맥 수영장 글램핑 아이들 체험 
391,392,들음카라반 캠핑장,산맥 수풀 카라반 
392,393,디투어스캠프클럽,호수 수풀 수영장 카라반 아이들 장비 
393,394,땅끝바다낚시터&글램핑,산맥 바다 수영장 
394,395,땅끝오토캠핑장 ,수풀 바다 카라반 산책로 아이들 트레일러 
395,396,땅끝황토나라테마촌 ,산맥 수영장 오토 산책로 아이들 체험 트레일러 
396,397,땅끝황토펜션야영장,바다 수영장 오토 아이들 장비 트레일러 
397,398,땅에미소 오토캠핑장 ,수풀 강가 수영장 오토 산책로 아이들 체험 트레일러 
398,399,또올래캠핑장 ,산맥 계곡 수풀 수영장 오토 아이들 장비 체험 트레일러 
399,400,뜨란솔 캠핑장,계곡 오토 애완견 산책로 아이들 장비 트레일러 
400,401,라라솔캠핑장,산맥 계곡 수풀 수영장 아이들 장비 체험 트레일러 
401,402,라온 글램핑 ,산맥 계곡 호수 수풀 수영장 글램핑 아이들 체험 
402,403,라파엘 펜션 글램핑장 ,산맥 수영장 글램핑 체험 
403,404,라포레캠핑장 ,수풀 수영장 오토 애완견 산책로 장비 트레일러 
404,405,래미안밸리캠핑장 ,산맥 계곡 수영장 체험 트레일러 
405,406,랩도그빌애견캠핑장 ,산맥 오토 애완견 아이들 
406,407,러브팜캠핑장,계곡 수영장 오토 아이들 장비 체험 트레일러 
407,408,러브팩토리펜션캠핑장,계곡 수영장 오토 아이들 체험 트레일러 
408,409,렛츠고 강화캠핑 ,산맥 수풀 수영장 아이들 트레일러 
409,410,로얄카바나,산맥 수풀 글램핑 아이들 
410,411,로코코캠핑장 ,산맥 계곡 수풀 수영장 오토 아이들 장비 트레일러 
411,412,로하스 캠핑장 ,강가 수영장 오토 아이들 장비 트레일러 
412,413,로하스캠핑,산맥 수영장 오토 카라반 아이들 체험 
413,414,룩스글램핑앤팜 ,산맥 호수 
414,415,룰루랄라 캠핑장 ,수풀 수영장 오토 산책로 아이들 
415,416,리버 카라반 ,강가 수영장 카라반 
416,417,바누글램핑,계곡 글램핑 
417,418,리버힐즈 캠핑장,계곡 오토 장비 트레일러 
418,419,리스캐빈 ,산맥 계곡 수풀 강가 
419,420,리앤파크,수풀 수영장 오토 글램핑 애완견 아이들 장비 체험 트레일러 
420,421,마글램핑장 ,도심 수영장 산책로 아이들 체험 
421,422,마대산장 캠핑장 ,산맥 강가 수영장 
422,423,마레보 카라반,도심 
423,424,마령큰시내들캠핑장 ,산맥 계곡 수영장 글램핑 아이들 트레일러 
424,425,마루노리,강가 오토 글램핑 트레일러 
425,426,마루펜션 캠핑장 ,강가 트레일러 
426,427,마리원관광농원캠핑장 ,섬섬 호수 수풀 수영장 오토 애완견 아이들 장비 
427,428,마방캠핑장 ,산맥 계곡 수풀 수영장 오토 아이들 트레일러 
428,429,마음이 머무는 곳 ,산맥 오토 아이들 체험 트레일러 
429,430,마이산 풍혈냉천 캠핑장 ,산맥 수풀 수영장 글램핑 장비 체험 트레일러 
430,431,마이웨이 리조트 관광,산맥 수풀 수영장 글램핑 아이들 
431,432,만리포몰디브,바다 
432,433,만리포미소카라반 ,바다 수영장 산책로 
433,434,만산동 국민여가캠핑장,산맥 계곡 수풀 강가 
434,435,만석꾼 캠핑장 ,산맥 바다 수영장 산책로 아이들 
435,436,만수산 자연휴양림 ,산맥 계곡 수풀 바다 수영장 
436,437,만정캠핑장,섬섬 수영장 체험 트레일러 
437,438,맑은개울 캠핑장 ,계곡 수풀 수영장 오토 애완견 아이들 장비 트레일러 
438,439,맑은누리 캠핑장 ,계곡 수풀 수영장 오토 애완견 산책로 아이들 트레일러 
439,440,맑음터공원 캠핑장 ,도심 수영장 
440,441,맘빌리지 ,수풀 바다 수영장 카라반 애완견 산책로 아이들 장비 체험 
441,442,망상오토캠핑리조트 제2오토캠핑장,바다 오토 카라반 산책로 
442,443,매화관광농원캠핑장,수풀 수영장 오토 아이들 트레일러 
443,444,매봉힐링쉼터오토캠핑장,계곡 수풀 수영장 애완견 아이들 장비 체험 트레일러 
444,445,매일민박캠핑장,계곡 오토 산책로 장비 트레일러 
445,446,매화둠벙마을영농조합법인 ,산맥 수풀 글램핑 산책로 아이들 장비 체험 
446,447,메가오토캠핑장,계곡 수풀 수영장 애완견 아이들 트레일러 
447,448,멤피스 글램핑 ,산맥 호수 
448,449,캠핑플래닛,산맥 수풀 수영장 오토 글램핑 산책로 아이들 
449,450,명성산글램핑,산맥 계곡 수풀 글램핑 
450,451,명지산카라반오토캠핑장,산맥 계곡 수풀 오토 글램핑 카라반 아이들 장비 
451,452,명학산 캠핑장,산맥 수풀 수영장 오토 애완견 아이들 트레일러 
452,453,모꼬지캠핑장,산맥 호수 수영장 오토 아이들 트레일러 
453,454,모래재캠핑장 ,바다 수영장 산책로 아이들 
454,455,모야의숲 캠핑장 ,산맥 계곡 오토 트레일러 
455,456,몬테비얀코 캠핑장 ,산맥 계곡 수풀 수영장 산책로 아이들 트레일러 
456,457,"블루오션리조트, 오션파크",바다 카라반 산책로 아이들 장비 
457,458,묘솔 캠핑장 ,산맥 계곡 수영장 아이들 트레일러 
458,459,무도글램핑,수풀 수영장 오토 글램핑 아이들 장비 트레일러 
459,460,무릉계곡힐링캠핑장 ,산맥 계곡 오토 아이들 
460,461,무릉도원 오토캠핑장,산맥 계곡 수풀 오토 산책로 아이들 트레일러 
461,462,무릉도원 캠핑장,계곡 오토 트레일러 
462,463,무안황토갯벌랜드 오토캠핑장,바다 수영장 오토 카라반 산책로 아이들 체험 트레일러 
463,464,보보캠핑,산맥 계곡 
464,465,무주 구천동 캠핑장 ,산맥 계곡 수영장 오토 아이들 트레일러 
465,466,무주 글램핑 ,산맥 계곡 수영장 글램핑 아이들 
466,467,무주 솔밭야영장 ,산맥 계곡 수풀 수영장 오토 애완견 산책로 아이들 체험 트레일러 
467,468,무주수목원캠핑장,산맥 계곡 수풀 오토 글램핑 트레일러 
468,469,무주카라반 ,계곡 카라반 
469,470,무주홀리데이파크 ,계곡 수풀 수영장 오토 체험 트레일러 
470,471,무지개서는 마을 ,산맥 계곡 수풀 수영장 오토 산책로 트레일러 
471,472,무지개펜션&캠핑,섬섬 수영장 오토 장비 체험 트레일러 
472,473,무창포카라반파크,바다 수영장 카라반 아이들 
473,474,묵림산방,산맥 계곡 수풀 수영장 오토 아이들 트레일러 
474,475,문경레저투어 캠핑장 ,수풀 강가 수영장 오토 산책로 아이들 장비 체험 트레일러 
475,476,문경새재국민여가캠핑장,산맥 수풀 오토 카라반 
476,477,문경수예리오토캠핑장 ,수풀 수영장 산책로 아이들 장비 트레일러 
477,478,문경히든벨리오토캠핑장 ,계곡 수풀 수영장 오토 산책로 아이들 장비 트레일러 
478,479,문라이트캠핑장 ,바다 수영장 오토 애완견 아이들 장비 트레일러 
479,480,문배골 캠핑장 ,산맥 계곡 수풀 수영장 오토 산책로 아이들 트레일러 
480,481,문복산 캠핑장 ,수풀 수영장 오토 아이들 체험 트레일러 
481,482,문수골 힐링캠핑장,호수 강가 
482,483,문암생태공원 ,산맥 강가 오토 
483,484,문장대 야영장,계곡 강가 오토 산책로 
484,485,문장대오토캠핑장 ,수풀 카라반 아이들 트레일러 
485,486,웅진리야영장,산맥 호수 수풀 수영장 오토 산책로 트레일러 
486,487,물가애 캠핑장,산맥 계곡 수풀 강가 
487,488,물결캠핑장,바다 카라반 아이들 체험 
488,489,물꽃 캠핑장 ,강가 수영장 오토 카라반 애완견 아이들 장비 체험 트레일러 
489,490,물내치기,계곡 수풀 수영장 오토 산책로 아이들 트레일러 
490,491,물마루 캠핑장 ,계곡 오토 장비 
491,492,물소리풍경 캠핑장,계곡 오토 산책로 
492,493,물안개 오토캠핑장,산맥 강가 수영장 아이들 
493,494,물한계곡소나무펜션,계곡 수영장 오토 애완견 아이들 체험 트레일러 
494,495,미루밸리 캠핑장 ,계곡 수풀 수영장 오토 
495,496,미르오토캠핑장 ,산맥 수풀 수영장 산책로 아이들 
496,497,미산가족오토캠핑장 ,산맥 계곡 수풀 강가 아이들 
497,498,미산분교 캠핑장 ,계곡 오토 애완견 산책로 체험 트레일러 
498,499,미소가든펜션야영장,계곡 수풀 수영장 오토 카라반 산책로 아이들 체험 트레일러 
499,500,미시령계곡캠핑장 ,산맥 계곡 오토 아이들 장비 트레일러 
500,501,민들레동산 캠핑장 ,수풀 수영장 카라반 아이들 체험 트레일러 
501,502,민주지산 자연휴양림 ,산맥 수풀 수영장 아이들 
502,503,밀양댐 스쿨캠핑장 ,산맥 계곡 호수 수영장 산책로 
503,504,밀양댐오토캠핑장 ,산맥 계곡 아이들 
504,505,밀양사계절야영장,산맥 수풀 수영장 오토 아이들 체험 
505,506,밀양스쿨 오토캠핑장 ,산맥 수풀 수영장 체험 
506,507,밀양댐유원지 펜션식당,수풀 강가 
507,508,밀양표충오토캠핑장 ,산맥 수풀 수영장 아이들 체험 트레일러 
508,509,바다가 보이는 부산항 힐링 야영장,바다 도심 수영장 산책로 
509,510,바다로글램핑,바다 수영장 글램핑 아이들 
510,511,바다애글램핑,바다 아이들 
511,512,바다여행캠핑장,바다 
512,513,바라산자연휴양림 야영장,산맥 수풀 아이들 
513,514,바람하늘공원 야영장 ,강가 아이들 
514,515,박달재 자연휴양림캠핑장,산맥 수풀 수영장 아이들 
515,516,박달재옛길캠핑장 ,산맥 수풀 수영장 오토 애완견 아이들 장비 체험 트레일러 
516,517,박석 캠핑장 ,수풀 수영장 오토 아이들 장비 트레일러 
517,518,반디캠프 ,호수 수풀 수영장 오토 아이들 장비 트레일러 
518,519,반디하우스캠핑장,계곡 오토 애완견 
519,520,반딧골캠핑장,계곡 수영장 오토 체험 트레일러 
520,521,반딧불이 캠핑장,산맥 계곡 오토 아이들 장비 트레일러 
521,522,반딧불자연캠핑장 ,산맥 섬섬 수풀 수영장 
522,523,밤골캠핑장 ,산맥 수풀 수영장 오토 애완견 아이들 장비 트레일러 
523,524,밤벌오토캠핑장,산맥 강가 
524,525,밤별 캠핑장 ,산맥 수풀 수영장 오토 카라반 애완견 아이들 장비 체험 트레일러 
525,526,밤별생각 낮달이야기,계곡 수풀 오토 애완견 아이들 
526,527,밤소리글램핑,호수 수풀 수영장 글램핑 애완견 산책로 아이들 체험 
527,528,방아텃골 관광농원 ,수풀 수영장 글램핑 애완견 아이들 장비 
528,529,방태산 솔마루 오토캠핑장 ,산맥 계곡 수풀 강가 수영장 오토 애완견 산책로 장비 트레일러 
529,530,방태산 자연휴양림 캠핑장,산맥 계곡 수풀 오토 아이들 체험 트레일러 
530,531,방화동 가족휴가촌 오토캠핑장 ,계곡 수풀 
531,532,배너미오토캠핑장,수풀 수영장 오토 카라반 아이들 장비 트레일러 
532,533,백경오토캠핑장 ,바다 수영장 아이들 장비 트레일러 
533,534,예그리나숲,계곡 오토 장비 트레일러 
534,535,백담설화캠핑장 ,계곡 오토 트레일러 
535,536,백도오토야영장,바다 애완견 
536,537,백마강오토캠핑장 ,강가 수영장 카라반 산책로 아이들 장비 트레일러 
537,538,백무동야영장 ,산맥 계곡 수풀 오토 
538,539,백산금빛캠프장,산맥 강가 
539,540,백야자연휴양림 오토캠핑장 ,산맥 수풀 수영장 오토 산책로 아이들 체험 트레일러 
540,541,백운산 자연휴양림 야영장,산맥 수풀 산책로 
541,542,백운산 자연휴양림 자동차야영장,산맥 수풀 오토 카라반 산책로 
542,543,백운산수련관야영장,산맥 계곡 수풀 
543,544,백운산체험농장 ,산맥 바다 강가 
544,545,백운오양골캠핑장 ,수풀 수영장 오토 글램핑 애완견 아이들 트레일러 
545,546,백일야영장 ,바다 
546,547,뱀사골자동차야영장,산맥 계곡 아이들 
547,548,버디버디 캠핑,호수 바다 카라반 아이들 체험 
548,549,벌곡오토캠핑장 ,계곡 애완견 아이들 장비 트레일러 
549,550,범도오토캠핑장 ,산맥 수풀 수영장 산책로 아이들 
550,551,범산골캠핑장 ,산맥 호수 수풀 수영장 오토 산책로 아이들 장비 트레일러 
551,552,법흥 캠핑장 ,계곡 장비 트레일러 
552,553,벗과뱃나루 캠핑리조트 ,수풀 수영장 글램핑 카라반 산책로 아이들 체험 
553,554,남이섬 베스트캠핑장 ,산맥 강가 수영장 글램핑 카라반 아이들 장비 
554,555,베어스 캠프,산맥 수영장 오토 산책로 아이들 장비 체험 트레일러 
555,556,베이스캠프 캠핑장 ,호수 강가 
556,557,벳소캠프 ,호수 수영장 오토 트레일러 
557,558,벽계야영장 ,산맥 호수 카라반 아이들 
558,559,변산힐링밸리야영장,산맥 산책로 
559,560,별 헤는 마을 ,강가 카라반 
560,561,별고을오토캠핑장 ,산맥 계곡 수영장 아이들 
561,562,별다리 캠핑,계곡 수풀 강가 수영장 글램핑 장비 
562,563,별드림캠핑장 ,산맥 계곡 수풀 수영장 오토 산책로 아이들 장비 트레일러 
563,564,별마로빌리지캠핑장,계곡 오토 장비 트레일러 
564,565,별밤 야영장 ,산맥 계곡 수풀 
565,566,별밤글램핑,도심 수영장 글램핑 산책로 
566,567,별볼일 있는 야영장,산맥 계곡 
567,568,별빛누리캠핑장,산맥 계곡 수풀 강가 수영장 글램핑 장비 
568,569,별빛두레펜션 캠핑장,계곡 오토 트레일러 
569,570,별빛마루 글램핑 캠핑장 ,수풀 수영장 글램핑 아이들 
570,571,별빛터카라반&글램핑펜션,산맥 계곡 글램핑 카라반 
571,572,별삼킨별캠핑장 ,산맥 계곡 
572,573,별수하야영장,산맥 계곡 수풀 수영장 오토 
573,574,별아래 캠핑장 ,수풀 수영장 오토 애완견 아이들 장비 트레일러 
574,575,별장캠핑카,바다 카라반 장비 
575,576,별찌 야영장,수풀 수영장 오토 애완견 산책로 아이들 트레일러 
576,577,별헤는 밤,섬섬 글램핑 카라반 
577,578,별헤는밤 캠핑장,산맥 수영장 오토 아이들 
578,579,병목안캠핑장,산맥 계곡 바다 도심 수영장 
579,580,병풍바위야영장 ,강가 
580,581,보경사힐링캠핑장,수풀 수영장 오토 애완견 아이들 장비 트레일러 
581,582,보또피아힐링파크,강가 수영장 카라반 
582,583,보물섬 캠핑장 ,산맥 수풀 아이들 체험 
583,584,보보스캇 캠핑장 ,강가 수영장 아이들 장비 체험 트레일러 
584,585,보성드림캠핑장 ,산맥 바다 오토 카라반 장비 체험 트레일러 
585,586,보은글램핑,호수 수영장 글램핑 아이들 
586,587,봉무공원야영장,산맥 오토 아이들 
587,588,봉바위농원 ,산맥 수영장 오토 아이들 트레일러 
588,589,봉봉자연 관광농원,수풀 수영장 아이들 
589,590,봉수대오토캠핑장,바다 수영장 카라반 아이들 체험 트레일러 
590,591,봉식이놀이터 ,수풀 수영장 글램핑 장비 
591,592,봉평마가리 캠핑장 ,산맥 계곡 수풀 오토 아이들 체험 트레일러 
592,593,봉화구마낚시야영장 ,산맥 계곡 수풀 수영장 오토 트레일러 
593,594,봉화열목어마을 ,수풀 오토 산책로 아이들 트레일러 
594,595,봉황산자연휴양림 야영장,산맥 수풀 오토 아이들 체험 
595,596,봉황산자연휴양림 제2야영장,산맥 수풀 
596,597,부례관광지,강가 수영장 오토 카라반 산책로 아이들 장비 
597,598,부연동 스카이케빈,계곡 수영장 글램핑 트레일러 
598,599,부재산방 캠핑장,산맥 계곡 수풀 오토 체험 트레일러 
599,600,북상휴양관 빨간자전거 캠핑장 ,산맥 계곡 호수 수영장 오토 산책로 아이들 체험 트레일러 
600,601,북캠프 ,수풀 수영장 글램핑 산책로 
601,602,북한산 캠핑장,수풀 글램핑 산책로 아이들 
602,603,불루캠핑장,계곡 수풀 
603,604,불정 자연휴양림 ,산맥 수풀 수영장 카라반 아이들 
604,605,Black tree,섬섬 글램핑 아이들 
605,606,블루마운틴 ,수풀 오토 글램핑 카라반 아이들 
606,607,블루원글램핑,산맥 수영장 
607,608,블루웨일 글램핑 ,도심 강가 수영장 
608,609,비로야영장,계곡 수풀 오토 아이들 장비 트레일러 
609,610,비발디 캠핑파크 ,계곡 수영장 산책로 아이들 장비 체험 트레일러 
610,611,비비 오토 캠프 ,산맥 수풀 
611,612,비슬산숲속오토캠핑장 ,산맥 수풀 강가 수영장 아이들 
612,613,비타민 캠핑장 ,산맥 계곡 수영장 오토 아이들 장비 트레일러 
613,614,비토섬 신우리조트 모던글램핑,산맥 수풀 수영장 글램핑 카라반 아이들 장비 체험 
614,615,비학농원캠핑장 ,산맥 계곡 호수 수풀 오토 아이들 장비 트레일러 
615,616,비학산자연휴양림 ,산맥 수풀 수영장 오토 카라반 산책로 아이들 
616,617,뿌리공원캠핑장 ,산맥 계곡 수풀 오토 아이들 장비 
617,618,사계절오토캠핑장,산맥 계곡 수풀 수영장 산책로 아이들 트레일러 
618,619,사과랑 관광농원,수풀 수영장 오토 아이들 장비 체험 트레일러 
619,620,사과향기캠핑장,산맥 계곡 수풀 오토 아이들 체험 
620,621,사나래관광농원,계곡 수영장 글램핑 체험 
621,622,사나래글램핑장,산맥 계곡 수영장 산책로 아이들 
622,623,사나래카라반캠핑장,바다 수영장 카라반 아이들 장비 
623,624,사랑나무 캠핑장,산맥 수풀 오토 
624,625,사선대캠핑장 ,강가 수영장 
625,626,사슬치 캠핑장,산맥 수영장 오토 아이들 트레일러 
626,627,사지목 나무그늘 ,산맥 계곡 수풀 오토 아이들 
627,628,사촌해수욕장야영장 ,산맥 바다 아이들 체험 
628,629,산과별 관광농원,산맥 수영장 오토 아이들 트레일러 
629,630,산꽃벚꽃마을 오토캠핑장,수풀 수영장 오토 아이들 장비 체험 트레일러 
630,631,산내들 관광농원,산맥 계곡 
631,632,산내들 패밀리 어드벤처파크,수풀 수영장 글램핑 애완견 아이들 체험 
632,633,산내들민박&오토캠핑장,산맥 계곡 수풀 강가 오토 애완견 트레일러 
633,634,산내별빛오토캠핑장 ,산맥 계곡 수영장 오토 아이들 장비 트레일러 
634,635,산내편안관광농원,수풀 오토 아이들 
635,636,산노리 캠핑장,산맥 계곡 수영장 오토 아이들 체험 트레일러 
636,637,산들래 야영장,산맥 수풀 수영장 오토 산책로 아이들 체험 
637,638,산디마을 생태공원 캠핑장 ,산맥 계곡 수풀 수영장 오토 애완견 아이들 장비 체험 트레일러 
638,639,산마루캠핑장 ,산맥 계곡 수풀 수영장 글램핑 아이들 트레일러 
639,640,산방환담 ,산맥 수풀 강가 
640,641,산사랑 글램핑,계곡 글램핑 아이들 
641,642,산새소리캠핑장,산맥 수풀 수영장 오토 애완견 아이들 장비 체험 트레일러 
642,643,산솔 캠핑장,산맥 계곡 강가 수영장 
643,644,산아래 캠핑장 ,산맥 계곡 수영장 오토 아이들 트레일러 
644,645,산아래캠핑장 ,산맥 계곡 수풀 수영장 산책로 아이들 장비 트레일러 
645,646,산애 캠핑장,산맥 수영장 오토 아이들 장비 
646,647,산야초 자연캠핑장 ,산맥 계곡 수풀 수영장 아이들 장비 체험 트레일러 
647,648,산여울캠핑장,계곡 카라반 애완견 트레일러 
648,649,산여울캠핑장 ,산맥 계곡 수풀 아이들 체험 트레일러 
649,650,산우물 쉼터 ,섬섬 수영장 카라반 
650,651,산울림관광농원,산맥 수영장 아이들 트레일러 
651,652,산으로 캠핑장 ,산맥 수영장 아이들 트레일러 
652,653,국립자연휴양림관리소 북부지역팀,산맥 체험 
653,654,산음숲자연학교 힐링캠핑장,산맥 오토 산책로 체험 
654,655,산음캠핑(글램핑),산맥 수풀 글램핑 아이들 
655,656,산장관광지,산맥 산책로 아이들 장비 체험 
656,657,산장펜션 캠핑장,수풀 수영장 오토 아이들 
657,658,산정레이크 RV리조트 ,산맥 수영장 산책로 아이들 
658,659,산정호수 가족글램핑장 ,산맥 계곡 호수 수풀 수영장 오토 글램핑 카라반 아이들 체험 
659,660,산정호수글램핑,산맥 호수 수풀 
660,661,산청별천지캠핑장,산맥 수영장 오토 아이들 트레일러 
661,662,산청지막계곡캠핑장 ,산맥 계곡 수영장 오토 아이들 
662,663,산촌오토캠핑장,산맥 계곡 수풀 수영장 산책로 장비 트레일러 
663,664,산타파크캠핑장 ,산맥 수영장 아이들 
664,665,살구나무글램핑&펜션,산맥 계곡 글램핑 카라반 
665,666,살둔마을 생둔분교 캠핑장,계곡 오토 트레일러 
666,667,살둔산장 ,계곡 오토 아이들 
667,668,삼남매와 뭉치네 캠핑장 ,산맥 수풀 수영장 오토 장비 체험 트레일러 
668,669,삼락생태공원 오토캠핑장,바다 수영장 오토 산책로 트레일러 
669,670,삼산야영장 ,계곡 오토 트레일러 
670,671,삼원레저타운,수풀 수영장 오토 애완견 아이들 장비 체험 트레일러 
671,672,삼장다목적캠핑장 ,산맥 계곡 오토 산책로 아이들 트레일러 
672,673,삼정오토캠핑장,산맥 계곡 수풀 
673,674,삼화리 동광 캠핑장,강가 수영장 애완견 아이들 트레일러 
674,675,물골삼화힐링타운캠핑장,산맥 계곡 수풀 수영장 오토 산책로 아이들 장비 트레일러 
675,676,상상글램핑,산맥 글램핑 
676,677,상소오토캠핑장 ,수풀 수영장 아이들 트레일러 
677,678,상아골계곡오토캠핑장,산맥 수풀 수영장 산책로 아이들 체험 
678,679,상우농장 야영장,계곡 오토 아이들 장비 체험 트레일러 
679,680,상주 우산캠핑장 ,수풀 수영장 산책로 트레일러 
680,681,상주보 캠프존 휴 ,산맥 수풀 수영장 오토 글램핑 아이들 트레일러 
681,682,상주은모래비치캠핑장 ,산맥 바다 수영장 트레일러 
682,683,상황오토캠핑장 ,수풀 수영장 아이들 트레일러 
683,684,새들펜션캠핑장 ,산맥 계곡 수풀 
684,685,새막골 캠프 ,산맥 수풀 강가 오토 장비 체험 트레일러 
685,686,샘골솔밭야영장,계곡 오토 애완견 
686,687,생각나무자연학교,계곡 수영장 산책로 
687,688,생각속의 집 ,계곡 글램핑 
688,689,생림 오토 캠핑장 ,강가 아이들 트레일러 
689,690,샤토안오토캠핑장 ,산맥 수풀 수영장 
690,691,샬롬빌리지 캠핑장 ,계곡 수풀 강가 오토 산책로 아이들 
691,692,서건도카라반,바다 수영장 카라반 아이들 
692,693,서귀포 자연휴양림 야영장,산맥 수풀 산책로 아이들 
693,694,서당골캠핑장 ,산맥 수풀 수영장 오토 애완견 아이들 체험 트레일러 
694,695,서대산 드림 캠핑파크,산맥 수풀 수영장 산책로 아이들 장비 체험 트레일러 
695,696,서석캠핑장,산맥 계곡 오토 애완견 아이들 트레일러 
696,697,서울 YMCA 다락원 캠프장 ,수풀 
697,698,서울대공원야영장,산맥 계곡 
698,699,써니힐즈캠핑장,수풀 수영장 아이들 장비 트레일러 
699,700,서종힐링캠핑장 ,산맥 수영장 오토 아이들 장비 트레일러 
700,701,서천 금빛노을 서울캠핑장,수풀 오토 아이들 장비 
701,702,서천 늘푸른캠핑장 ,수풀 수영장 오토 글램핑 애완견 산책로 아이들 장비 트레일러 
702,703,서천 춘장대캠핑장 ,바다 오토 애완견 아이들 장비 트레일러 
703,704,서천갯벌체험글램핑 ,바다 수영장 글램핑 아이들 
704,705,서천해양캠핑장 ,바다 수영장 글램핑 카라반 아이들 
705,706,서포리 관광지 오토캠핑장 ,바다 아이들 
706,707,서해땅끝파도리아치내캠핑장 ,바다 수영장 애완견 산책로 아이들 장비 체험 트레일러 
707,708,석교리 야영장,계곡 오토 
708,709,석모도 부자캠핑,섬섬 바다 수영장 아이들 장비 
709,710,석문 오토캠핑장 ,산맥 계곡 수풀 수영장 오토 아이들 장비 트레일러 
710,711,석양마을 주포,바다 수영장 오토 아이들 체험 트레일러 
711,712,조각가 박시동 미술관,계곡 글램핑 카라반 체험 
712,713,석천캠핑장,계곡 오토 
713,714,선녀와 나무꾼 캠핑장,수풀 
714,715,선녀와나무꾼 ,산맥 수풀 수영장 글램핑 카라반 산책로 아이들 
715,716,선달산계곡캠핑장,산맥 계곡 수영장 오토 산책로 아이들 트레일러 
716,717,선야봉 캠핑장 ,산맥 계곡 수영장 아이들 트레일러 
717,718,선운산도립공원야영장,산맥 
718,719,설래림야영장,산맥 계곡 오토 트레일러 
719,720,설매재 자연휴양림 야영장,산맥 수풀 수영장 오토 아이들 체험 트레일러 
720,721,설뫼충효테마파크야영장 ,강가 수영장 오토 산책로 아이들 트레일러 
721,722,설악산국립공원 설악동자동차야영장,산맥 수풀 오토 카라반 산책로 아이들 트레일러 
722,723,설하관광농원 ,강가 오토 애완견 아이들 체험 트레일러 
723,724,섬뜰아래 ,섬섬 오토 아이들 
724,725,섬지골 캠핑장,산맥 수풀 애완견 트레일러 
725,726,섬지캠핑장,산맥 섬섬 강가 수영장 오토 아이들 
726,727,섬진강 마실휴양숙박시설단지,산맥 계곡 수풀 산책로 장비 트레일러 
727,728,섬진강문화학교 캠핑장,산맥 계곡 수풀 수영장 오토 산책로 아이들 체험 트레일러 
728,729,섬진강향가오토캠핑장 ,강가 수영장 글램핑 애완견 아이들 트레일러 
729,730,성당포구금강체험관야영장,강가 수영장 오토 산책로 아이들 체험 트레일러 
730,731,성덕댐 수달 캠핑장,수풀 강가 수영장 카라반 산책로 아이들 트레일러 
731,732,성동힐링센터 휴(休)영월캠프,산맥 계곡 강가 글램핑 산책로 체험 트레일러 
732,733,성주봉 자연휴양림 ,산맥 수풀 수영장 오토 아이들 
733,734,성주자연오토캠핑장 ,산맥 계곡 수영장 오토 산책로 아이들 장비 체험 트레일러 
734,735,세계인의 랜드,도심 
735,736,세라핌캠프 ,계곡 수영장 글램핑 아이들 
736,737,세종 합강캠핑장,강가 카라반 산책로 아이들 트레일러 
737,738,센티마르글램핑,바다 수영장 오토 글램핑 아이들 장비 체험 트레일러 
738,739,소금강마을에코센터 오토캠핑장 ,산맥 강가 산책로 체험 
739,740,소금강자동차야영장,산맥 계곡 수풀 아이들 체험 트레일러 
740,741,소나무 캠핑장,산맥 계곡 
741,742,소나무농원 캠핑장,산맥 수풀 수영장 아이들 장비 체험 트레일러 
742,743,소나무숲아래 ,산맥 계곡 수풀 수영장 오토 장비 
743,744,소나무와 계곡 캠핑장 ,계곡 수풀 강가 오토 장비 트레일러 
744,745,소도캠핑장,수풀 수영장 아이들 장비 체험 트레일러 
745,746,소리길 오토캠핑장 ,산맥 계곡 수풀 수영장 애완견 아이들 장비 트레일러 
746,747,소막골야영장 ,산맥 수풀 오토 
747,748,소백산국립공원 남천야영장 ,산맥 계곡 
748,749,소백산삼가야영장 ,산맥 계곡 
749,750,소백산오토캠핑장 ,산맥 계곡 
750,751,소석힐링캠핑장,계곡 도심 오토 아이들 트레일러 
751,752,소선암 오토캠핑장 ,계곡 강가 
752,753,소풍가는날펜션 오토캠핑장 ,계곡 오토 아이들 트레일러 
753,754,소풍관광농원,수풀 
754,755,소풍정원 캠핑장,산맥 강가 
755,756,속리산 사계절 캠핑장 ,계곡 수영장 오토 아이들 장비 트레일러 
756,757,속리산 사내리 야영장 ,산맥 수풀 오토 아이들 트레일러 
757,758,속리산사나래캠핑장,수풀 수영장 오토 산책로 아이들 장비 트레일러 
758,759,속리산알프스야영장 ,수풀 수영장 오토 애완견 아이들 장비 트레일러 
759,760,속초해변 국민여가캠핑장 ,바다 트레일러 
760,761,솔내음 야영장 ,산맥 바다 
761,762,솔내음캠핑장,수풀 
762,763,솔다람숲힐링파크,산맥 수풀 
763,764,솔담길 오토캠핑장,산맥 수영장 오토 글램핑 카라반 애완견 산책로 아이들 장비 트레일러 
764,765,솔뜰 캠핑장 ,산맥 수풀 수영장 오토 카라반 산책로 아이들 트레일러 
765,766,솔바다 캠핑장 ,섬섬 오토 애완견 장비 
766,767,솔바람 야영장,계곡 오토 애완견 
767,768,솔바람 캠핑장 ,산맥 계곡 수풀 아이들 
768,769,솔바람오토캠핑장 ,산맥 계곡 수풀 수영장 아이들 장비 체험 트레일러 
769,770,솔방울캠핑장,계곡 수풀 오토 트레일러 
770,771,솔밭 캠프장 ,계곡 트레일러 
771,772,솔밭관광농원 ,수풀 수영장 오토 산책로 아이들 트레일러 
772,773,솔밭야영장,산맥 계곡 수풀 바다 강가 오토 트레일러 
773,774,솔밭체육공원오토캠핑장 ,계곡 수풀 수영장 아이들 트레일러 
774,775,솔밭캠핑장 ,산맥 수영장 
775,776,솔밭펜션캠핑장,산맥 계곡 수풀 오토 장비 
776,777,솔봉계곡쉼터야영장,계곡 오토 장비 트레일러 
777,778,사천비토솔섬오토캠핑장 ,산맥 수풀 수영장 아이들 장비 체험 트레일러 
778,779,솔잎오토캠핑장 ,계곡 
779,780,솔티야영장,계곡 수풀 오토 아이들 장비 트레일러 
780,781,송가네 오가리캠핑장 ,산맥 수풀 강가 수영장 산책로 아이들 장비 체험 트레일러 
781,782,송도스포츠캠핑장 ,바다 수영장 오토 산책로 체험 
782,783,송도오토캠핑장 ,바다 수영장 오토 산책로 
783,784,어은돌송림캠핑장 ,바다 산책로 아이들 장비 체험 트레일러 
784,785,송백농원캠핑장 ,수풀 수영장 오토 아이들 장비 체험 트레일러 
785,786,송정 자연휴양림 ,산맥 수영장 오토 아이들 
786,787,송정솔바람야영장 ,수풀 바다 수영장 오토 아이들 트레일러 
787,788,송지호 오토 캠핑장 ,바다 아이들 
788,789,송천떡마을야영장,계곡 오토 애완견 아이들 체험 트레일러 
789,790,송호리 국민관광지 야영장 ,산맥 호수 수영장 산책로 아이들 
790,791,수락베이스캠프 ,계곡 수풀 수영장 글램핑 애완견 아이들 
791,792,수레의산 국민여가 캠핑장,산맥 수영장 산책로 아이들 트레일러 
792,793,수목원프로방스 캠핑장,산맥 수풀 아이들 
793,794,수목화 송정마을 오토캠핑장,강가 글램핑 
794,795,수봉야영장 ,계곡 오토 트레일러 
795,796,수산아카데미 ,산맥 계곡 수풀 수영장 산책로 
796,797,수승대 오토캠핑장,산맥 계곡 트레일러 
797,798,수승대야영장 ,산맥 계곡 수풀 수영장 오토 아이들 체험 트레일러 
798,799,수원산 오토캠핑장 ,산맥 계곡 수풀 수영장 아이들 트레일러 
799,800,수하 캠핑파크,수풀 
800,801,수희재 캠프,계곡 오토 
801,802,순천 승주CC 글램핑,산맥 수풀 글램핑 
802,803,순천국민여가캠핑장,산맥 계곡 수풀 아이들 
803,804,숲과펜션야영장,계곡 수영장 애완견 아이들 트레일러 
804,805,숲들내캠핑장 ,수풀 수영장 글램핑 산책로 아이들 
805,806,숲속 동키마을 캠핑장 ,수풀 수영장 오토 아이들 체험 트레일러 
806,807,숲속가든 캠핑장,산맥 계곡 수풀 수영장 아이들 장비 트레일러 
807,808,숲속의 쉼터 ,산맥 계곡 수영장 글램핑 산책로 아이들 체험 
808,809,숲속의베리팜,산맥 수풀 오토 카라반 산책로 아이들 장비 체험 트레일러 
809,810,숲속캠핑장 ,산맥 수풀 수영장 오토 애완견 아이들 장비 트레일러 
810,811,숲이조아 오토캠핑장 ,산맥 수풀 수영장 오토 산책로 장비 
811,812,쉬리마을,강가 수영장 오토 산책로 아이들 체험 
812,813,쉼이있는자유,산맥 바다 
813,814,쉼표캠핑장 ,수풀 강가 
814,815,스카이 운학 오토캠핑장 ,계곡 수영장 오토 애완견 아이들 트레일러 
815,816,스카이글램핑 ,수풀 수영장 글램핑 아이들 
816,817,스타글램핑 ,수풀 수영장 글램핑 아이들 
817,818,스톤엑스 캠핑장,강가 오토 애완견 장비 트레일러 
818,819,스톤힐 글램핑,도심 수영장 글램핑 아이들 체험 
819,820,승봉도 캠핑장,바다 오토 카라반 산책로 체험 트레일러 
820,821,시냇가 캠핑장,수풀 수영장 오토 산책로 아이들 장비 트레일러 
821,822,시목 야영장 ,섬섬 바다 도심 
822,823,신대리야영장 ,수풀 강가 
823,824,신불산폭포 자연휴양림 ,산맥 수풀 오토 체험 
824,825,신선계곡 야영장,산맥 계곡 수풀 
825,826,신어산자연숲캠핑장,산맥 수풀 오토 장비 체험 
826,827,신화가족목공체험 캠핑소,수풀 수영장 오토 애완견 아이들 체험 트레일러 
827,828,심천힐링 관광농원,수풀 
828,829,심학산야영장,수풀 글램핑 애완견 장비 
829,830,십이선녀탕 통나무집 야영장 ,계곡 오토 
830,831,십자봉오토캠핑장 ,계곡 수풀 아이들 
831,832,싸리목캠핑장 ,산맥 수풀 오토 애완견 아이들 장비 
832,833,쌍곡예당 ,계곡 수풀 오토 아이들 트레일러 
833,834,써니밸리 오토캠핑장,계곡 수풀 아이들 장비 트레일러 
834,835,써니아일랜드 야영장,섬섬 바다 오토 아이들 트레일러 
835,836,써니힐글램핑 ,산맥 수영장 글램핑 
836,837,썬빌리지펜션캠핑장,바다 수영장 오토 아이들 트레일러 
837,838,썬오브캠핑장 ,산맥 계곡 글램핑 산책로 아이들 체험 
838,839,씨사이드힐 캠핑장 ,바다 오토 
839,840,씨앗골캠핑장 ,수풀 오토 산책로 아이들 트레일러 
840,841,씨앤씨레져(주),호수 강가 수영장 카라반 산책로 아이들 장비 트레일러 
841,842,씨엘관광농원 ,산맥 강가 
842,843,아날로거 무릉도원점,계곡 수영장 글램핑 장비 
843,844,아날로그데이,도심 오토 글램핑 아이들 장비 
844,845,아늑한쉼터 ,계곡 수풀 체험 트레일러 
845,846,아델리아,산맥 
846,847,아름다운 캠프 ,바다 강가 아이들 장비 트레일러 
847,848,아버지의숲 산정캠프,산맥 계곡 수풀 아이들 트레일러 
848,849,아빠가 만든 캠핑장 ,산맥 수영장 아이들 장비 체험 트레일러 
849,850,아빠랑 놀자 ,산맥 수영장 글램핑 산책로 아이들 체험 
850,851,아빠의 캠프 ,산맥 
851,852,아빠의 캠핑장 ,계곡 수영장 오토 글램핑 아이들 장비 체험 트레일러 
852,853,아빠의나무 야영장,계곡 수풀 수영장 트레일러 
853,854,아빠캠핑가 오토캠핑장 ,호수 오토 장비 트레일러 
854,855,아산곡교천야영장,도심 강가 오토 아이들 장비 체험 
855,856,아산글램핑캠핑장 ,수풀 수영장 산책로 체험 
856,857,아우라지 글램핑,산맥 계곡 수영장 글램핑 아이들 
857,858,아우라지관광지 ,산맥 강가 오토 산책로 아이들 체험 
858,859,아이비캠핑장,산맥 계곡 수풀 강가 수영장 애완견 아이들 트레일러 
859,860,iFA캠프운악,산맥 수풀 수영장 오토 글램핑 산책로 아이들 체험 
860,861,아잘리아 그린 ,산맥 수풀 바다 수영장 오토 산책로 아이들 장비 
861,862,아침가리 계곡 ,산맥 계곡 수풀 강가 아이들 
862,863,아트인아일랜드 ,수풀 강가 수영장 오토 아이들 트레일러 
863,864,아트캠핑빌리지,수풀 수영장 오토 산책로 아이들 트레일러 
864,865,아프리카갤러리캠핑장 ,계곡 수풀 
865,866,완주힐조타운 캠핑장,산맥 수풀 글램핑 아이들 체험 
866,867,타이거스피드 안녕오토캠핑장,바다 오토 아이들 체험 트레일러 
867,868,안단테 홍천캠핑장 ,계곡 수영장 아이들 
868,869,안산화랑오토캠핑장 ,도심 카라반 산책로 아이들 
869,870,안성내츄럴리조트 오토캠핑장,수풀 
870,871,안성맞춤 자동차야영장 ,산맥 산책로 
871,872,안성맞춤 캠핑장,산맥 산책로 
872,873,안성비봉산 캠핑장,산맥 수풀 
873,874,안태울캠핑장,수풀 수영장 산책로 아이들 장비 
874,875,알멕스랜드캠핑장,강가 수영장 카라반 산책로 아이들 트레일러 
875,876,알프스농원 캠핑장,산맥 수풀 수영장 아이들 장비 체험 트레일러 
876,877,알프스밸리 캠핑장,산맥 계곡 수영장 아이들 체험 트레일러 
877,878,알프스캠핑장 ,산맥 강가 산책로 아이들 
878,879,애플 글램핑 ,계곡 수영장 글램핑 산책로 아이들 체험 
879,880,약사계곡 캠핑장 ,계곡 
880,881,약수골 캠프촌 숲속캠핑장 ,수풀 오토 아이들 트레일러 
881,882,약수골 캠프촌 오토캠핑장 ,산맥 카라반 트레일러 
882,883,약수농원,산맥 계곡 수풀 오토 애완견 아이들 장비 트레일러 
883,884,얏호캠핑장,섬섬 오토 체험 
884,885,양양 38야영장,계곡 오토 
885,886,GoOut 양주감악산 캠핑장,산맥 수풀 애완견 산책로 
886,887,양주시 미술관옆 캠핑장,수풀 오토 카라반 애완견 
887,888,양주산막골캠핑장 ,산맥 수풀 수영장 아이들 장비 트레일러 
888,889,양주송천캠핑장 ,산맥 계곡 수영장 산책로 아이들 장비 트레일러 
889,890,양지생태마을캠핑장,산맥 수풀 수영장 오토 카라반 아이들 장비 체험 트레일러 
890,891,양지파인글램핑,수풀 수영장 글램핑 
891,892,양평 휴 캠핑 워크샵 ,수풀 수영장 오토 카라반 산책로 아이들 장비 트레일러 
892,893,양평 힐인힐 야영장 ,산맥 수풀 수영장 카라반 산책로 아이들 트레일러 
893,894,양평드림캠핑장 ,계곡 수영장 장비 트레일러 
894,895,어라운드 빌리지 ,수풀 수영장 오토 산책로 트레일러 
895,896,어름치마을캠핑장,수풀 강가 수영장 오토 카라반 아이들 체험 트레일러 
896,897,어섬캠핑장 ,바다 수영장 아이들 트레일러 
897,898,어성골야영장 ,계곡 수영장 오토 애완견 
898,899,양양캠핑장,계곡 오토 애완견 장비 트레일러 
899,900,어울림펜션 캠핑장,산맥 바다 강가 오토 
900,901,어은돌 오토 캠핑장,바다 
901,902,얼음골 야영장,산맥 계곡 수풀 수영장 애완견 산책로 아이들 체험 트레일러 
902,903,얼음골까투리캠핑장 ,산맥 계곡 
903,904,얼음골야영장 ,계곡 수풀 오토 
904,905,엉클캠프 ,계곡 수풀 수영장 오토 아이들 체험 트레일러 
905,906,에덴밸리 나마스떼 글램핑장,산맥 수풀 
906,907,에덴오토캠핑장 ,강가 수영장 애완견 아이들 장비 
907,908,에버힐 ,산맥 계곡 수풀 
908,909,에브라임캠핑장 ,계곡 수풀 오토 아이들 체험 트레일러 
909,910,에이원 글램핑 관광농원 ,산맥 
910,911,에이원 글램핑장 리조트 ,산맥 수영장 
911,912,에이제이 ,산맥 계곡 수풀 수영장 오토 카라반 산책로 아이들 장비 트레일러 
912,913,에코야영장,섬섬 수영장 글램핑 
913,914,에코오토캠핑장,산맥 수풀 아이들 트레일러 
914,915,에코유 캠핑장 ,산맥 수영장 오토 
915,916,에코힐글램핑 ,섬섬 수풀 글램핑 
916,917,삼척엘림캠핑장,계곡 오토 트레일러 
917,918,엘포리글램핑 ,수풀 수영장 글램핑 산책로 아이들 
918,919,여수 밤바다 관광농원야영장 ,바다 수영장 글램핑 카라반 산책로 
919,920,여수굴전여가캠핑장,바다 오토 카라반 산책로 아이들 트레일러 
920,921,여우가달을사랑할때,산맥 수영장 글램핑 아이들 
921,922,여울애 꽃물들인 ,계곡 강가 
922,923,여주 카라반 체험장,산맥 아이들 
923,924,여주산촌관광농원,산맥 
924,925,여주참숯마을 캠핑장 ,수풀 수영장 산책로 
925,926,여차울 캠핑장,계곡 강가 오토 글램핑 트레일러 
926,927,연개소문관광농원캠핑장,산맥 섬섬 수영장 트레일러 
927,928,연곡해변 솔향기캠핑장 ,바다 오토 아이들 트레일러 
928,929,연산 황산벌오토캠핑장 ,수풀 수영장 오토 아이들 장비 트레일러 
929,930,연천 한여울팜파크 글램핑장,강가 글램핑 
930,931,연천재인폭포오토캠핑장,강가 수영장 카라반 산책로 아이들 
931,932,연풍연가캠핑장 ,수풀 수영장 오토 아이들 장비 체험 트레일러 
932,933,연화산 반딧불이 캠핑장 ,산맥 수영장 산책로 아이들 장비 체험 트레일러 
933,934,열린캠핑장 ,호수 수풀 
934,935,염포야영장,바다 오토 
935,936,김포캠핑파크 주식회사,수풀 수영장 글램핑 카라반 산책로 아이들 트레일러 
936,937,영덕 고래불 국민 야영장,바다 수영장 오토 카라반 아이들 트레일러 
937,938,영덕 칠보산 오토캠핑장 ,산맥 수풀 수영장 오토 아이들 장비 트레일러 
938,939,영산강 승촌보캠핑장,강가 산책로 아이들 
939,940,영양수비별빛캠핑장 ,산맥 계곡 수영장 오토 애완견 아이들 체험 트레일러 
940,941,영우네 농어촌 관광농원,수풀 수영장 오토 트레일러 
941,942,영월 동강오토캠핑장,강가 트레일러 
942,943,영월 스타 글램핑 ,계곡 수영장 글램핑 아이들 
943,944,영월 외룡 캠핑장,강가 수영장 아이들 장비 트레일러 
944,945,영월별마로펜션캠핑,계곡 글램핑 카라반 
945,946,영월약수터 오토캠핑장 ,계곡 수영장 오토 아이들 장비 
946,947,영월오아시스 글램핑,계곡 글램핑 체험 
947,948,영월천문대 캠핑장,산맥 수풀 
948,949,영월캠프,수풀 오토 애완견 트레일러 
949,950,아산 영인산자연휴양림 숲속야영장,산맥 수풀 오토 산책로 아이들 체험 
950,951,영종씨사이드캠핑장,섬섬 오토 카라반 산책로 장비 
951,952,영주시 소백산역 캠핑장,수풀 
952,953,영천 구룡산 오토&펜션 ,수풀 
953,954,영천 솔롱고 글램핑,산맥 수풀 수영장 글램핑 아이들 장비 
954,955,영천시 공예촌 캠핑체험장,수풀 수영장 오토 글램핑 애완견 산책로 아이들 장비 체험 트레일러 
955,956,영학관광농원야영장 ,산맥 수풀 수영장 아이들 체험 트레일러 
956,957,예다움 캠핑장 ,강가 오토 트레일러 
957,958,예마을캠핑장,수풀 수영장 산책로 아이들 체험 
958,959,예산 느티나무 캠핑장 ,수풀 수영장 오토 트레일러 
959,960,예당관광지 국민여가캠핑장,수풀 아이들 장비 트레일러 
960,961,예손농원캠핑장 ,산맥 계곡 수풀 강가 수영장 오토 산책로 아이들 체험 트레일러 
961,962,예원캠핑장 ,계곡 수풀 수영장 산책로 아이들 
962,963,예천군 곤충나라 사과테마파크 오토캠핑장,산맥 수풀 강가 수영장 산책로 아이들 트레일러 
963,964,옛서당캠핑농원 ,산맥 수영장 산책로 아이들 체험 트레일러 
964,965,오글오글오토캠핑장 ,산맥 수풀 수영장 글램핑 산책로 아이들 
965,966,진부(오대산)관광농원,강가 오토 산책로 트레일러 
966,967,오도산 자연휴양림 ,산맥 수풀 오토 아이들 
967,968,오류캠핑장 ,바다 오토 카라반 아이들 
968,969,맑은숲캠프,산맥 수풀 오토 산책로 아이들 
969,970,오서산자연휴양림 ,산맥 수풀 강가 
970,971,선녀와 나무꾼,수풀 바다 수영장 글램핑 아이들 
971,972,오수애견캠핑장 ,강가 수영장 오토 카라반 산책로 아이들 트레일러 
972,973,오시아노 오토캠핑리조트,바다 수영장 카라반 산책로 아이들 트레일러 
973,974,오카나간캠핑장,산맥 계곡 수풀 
974,975,오커빌리지,수풀 수영장 오토 글램핑 카라반 산책로 아이들 
975,976,오크캠핑 ,산맥 수영장 산책로 
976,977,오크힐글램핑 ,산맥 수풀 글램핑 아이들 
977,978,오투글램핑 ,산맥 수영장 글램핑 아이들 
978,979,오투스토리 ,산맥 수풀 글램핑 
979,980,옥계오토캠핑장,바다 수영장 아이들 체험 트레일러 
980,981,옥샘캠핑장 ,산맥 계곡 수영장 장비 
981,982,옥성 자연휴양림 ,산맥 수영장 오토 아이들 
982,983,옥화 자연휴양림 국민여가캠핑장,산맥 수풀 수영장 아이들 
983,984,온더락캠핑장 ,산맥 수풀 수영장 글램핑 아이들 
984,985,온새미캠핑장,산맥 계곡 수풀 수영장 애완견 아이들 장비 체험 트레일러 
985,986,올챙이캠핑장 ,산맥 수풀 오토 아이들 체험 트레일러 
986,987,와라캠핑장 ,계곡 오토 애완견 트레일러 
987,988,와이글램핑 ,산맥 강가 수영장 글램핑 산책로 아이들 
988,989,와이와이글램핑,계곡 강가 수영장 글램핑 장비 
989,990,와이캠핑장 ,산맥 강가 수영장 오토 글램핑 산책로 아이들 장비 
990,991,완주소양캠핑장 ,산맥 수풀 수영장 아이들 
991,992,왕산가족오토캠핑장 ,바다 오토 글램핑 카라반 
992,993,왕터리조트,수풀 카라반 장비 
993,994,왕피천하늘담야영장,계곡 
994,995,요기는캠핑장,계곡 수풀 수영장 오토 글램핑 아이들 장비 체험 
995,996,요카카 관광농원,수풀 수영장 아이들 장비 트레일러 
996,997,용가리쌤 캠핑장 ,강가 수영장 오토 아이들 트레일러 
997,998,용골송어와 캠핑 ,산맥 계곡 수영장 카라반 아이들 장비 체험 
998,999,용대 자연휴양림 캠핑장,산맥 수풀 오토 체험 
999,1000,용두산오토캠핑장 ,산맥 계곡 수영장 오토 아이들 장비 트레일러 
1000,1001,동수리 인문학마을 협동조합 야영장,섬섬 강가 
1001,1002,용문산 자연휴양림 ,산맥 수풀 오토 체험 
1002,1003,용문산관광지 야영장,산맥 수풀 오토 글램핑 애완견 아이들 장비 
1003,1004,용봉산캠핑장 ,수풀 수영장 오토 아이들 장비 체험 트레일러 
1004,1005,용인 미르힐 ,산맥 수영장 산책로 아이들 장비 트레일러 
1005,1006,용인 자연휴양림 야영장,산맥 카라반 산책로 아이들 
1006,1007,용인랜드 숲속캠핑장 ,수풀 수영장 오토 아이들 장비 트레일러 
1007,1008,용추그린하우스 ,계곡 수영장 산책로 아이들 체험 트레일러 
1008,1009,용추돌모리캠핑장,계곡 수영장 오토 애완견 아이들 장비 트레일러 
1009,1010,용추자연휴양림야영장,산맥 수풀 아이들 체험 
1010,1011,용현 자연휴양림 야영장,산맥 계곡 수풀 오토 아이들 체험 
1011,1012,우니메이카 ,계곡 수영장 아이들 
1012,1013,우리 캠핑장 ,계곡 수풀 수영장 글램핑 아이들 
1013,1014,우리꽃 캠핑장,호수 수영장 트레일러 
1014,1015,용인 자연숲 캠핑장,산맥 수영장 아이들 장비 트레일러 
1015,1016,운문 사계절 캠핑장,수풀 수영장 오토 카라반 애완견 산책로 아이들 장비 트레일러 
1016,1017,운문산군립공원 소머리 야영장 ,산맥 계곡 오토 애완견 
1017,1018,운악레저타운 ,수풀 수영장 
1018,1019,운악승마캠프,산맥 
1019,1020,운일암반일암관광지 야영장,산맥 
1020,1021,운장산 자연휴양림 ,산맥 계곡 수풀 오토 체험 
1021,1022,울릉군국민여가캠핑장 ,산맥 바다 강가 
1022,1023,울성캠핑낚시터,호수 
1023,1024,웅이네캠핑장 ,산맥 계곡 수풀 수영장 오토 글램핑 카라반 산책로 아이들 트레일러 
1024,1025,웅천친수공원 야영장,바다 도심 오토 아이들 
1025,1026,웅포관광지 캠핑장 ,산맥 강가 오토 산책로 아이들 
1026,1027,원동자연휴양림 ,산맥 계곡 수풀 오토 애완견 산책로 아이들 트레일러 
1027,1028,원앙캠핑장 ,산맥 계곡 수풀 카라반 아이들 
1028,1029,아트앤오토캠핑장,산맥 계곡 수풀 오토 애완견 장비 
1029,1030,원주두리캠핑장 ,산맥 계곡 오토 아이들 장비 체험 
1030,1031,원주키즈캠핑장,산맥 수영장 오토 아이들 장비 체험 
1031,1032,월드니스 ,계곡 수풀 수영장 글램핑 아이들 체험 트레일러 
1032,1033,월선캠핑장 ,산맥 수영장 산책로 아이들 장비 트레일러 
1033,1034,월성 산아래 글램핑,산맥 계곡 수풀 글램핑 체험 
1034,1035,월악 한울 오토캠핑장 ,산맥 계곡 수풀 수영장 아이들 장비 체험 
1035,1036,월악산광천민박펜션 ,산맥 계곡 오토 산책로 아이들 트레일러 
1036,1037,월악산국립공원 닷돈재 자동차야영장 ,산맥 계곡 수풀 
1037,1038,월악산국립공원 덕주야영장 ,산맥 계곡 수풀 오토 아이들 
1038,1039,월악산국립공원 송계자동차 야영장 ,산맥 계곡 아이들 
1039,1040,월악산국립공원 용하야영장 ,산맥 계곡 강가 
1040,1041,월악파인오토캠핑장,계곡 수영장 아이들 장비 
1041,1042,월악오토캠핑장 ,산맥 계곡 수풀 수영장 
1042,1043,월악힐링캠핑장,산맥 계곡 수영장 오토 아이들 체험 트레일러 
1043,1044,월촌캠핑야영장,산맥 수풀 
1044,1045,월포해수욕장야영장 ,바다 오토 아이들 
1045,1046,웨스턴캠프,계곡 수풀 오토 산책로 아이들 트레일러 
1046,1047,웰리힐리파크 오토캠핑장 ,산맥 수풀 애완견 체험 트레일러 
1047,1048,위정캠핑장 ,계곡 바다 아이들 트레일러 
1048,1049,위크온 글램핑 ,계곡 수영장 글램핑 애완견 
1049,1050,위크팜글램핑 ,산맥 계곡 수풀 수영장 글램핑 산책로 장비 
1050,1051,유식물원 관광농원,산맥 수풀 수영장 산책로 아이들 체험 
1051,1052,유치 자연휴양림 ,산맥 계곡 수풀 수영장 오토 산책로 아이들 장비 트레일러 
1052,1053,율곡 캠핑장 ,산맥 수풀 수영장 오토 아이들 장비 트레일러 
1053,1054,율곡관광농원 캠핑장 ,산맥 수영장 
1054,1055,융프라우오토캠핑장 ,계곡 수풀 수영장 오토 애완견 산책로 트레일러 
1055,1056,은빛초원 캠핑장 ,산맥 수영장 트레일러 
1056,1057,은사시캠핑장 ,산맥 수영장 오토 아이들 트레일러 
1057,1058,은해사권역 은해로운 휴양마을 캠핑장 ,산맥 계곡 수풀 수영장 오토 산책로 아이들 체험 
1058,1059,은행마을,산맥 수풀 오토 애완견 산책로 아이들 체험 트레일러 
1059,1060,을수민박야영,계곡 오토 트레일러 
1060,1061,이동계곡 캠핑장 ,산맥 계곡 
1061,1062,이안숲속오토캠핑장 ,수풀 수영장 카라반 체험 
1062,1063,이우캠핑장 ,계곡 수풀 수영장 오토 글램핑 애완견 아이들 장비 트레일러 
1063,1064,이지캠핑장 ,수풀 수영장 오토 글램핑 산책로 아이들 
1064,1065,인디어라운드,도심 수영장 오토 글램핑 장비 
1065,1066,이태백 야영장 ,바다 오토 아이들 장비 체험 트레일러 
1066,1067,이포보오토캠핑장 ,강가 아이들 
1067,1068,이포보웰빙캠핑장 ,강가 오토 아이들 
1068,1069,인삼골오토캠핑장,수풀 강가 아이들 트레일러 
1069,1070,인제 연가리 오토캠핑장 ,계곡 애완견 트레일러 
1070,1071,인제캠핑타운 ,산맥 수풀 수영장 오토 장비 트레일러 
1071,1072,일영모자농원캠핑장,계곡 수영장 산책로 아이들 
1072,1073,일영무두리캠핑장 ,계곡 수풀 수영장 아이들 장비 
1073,1074,임랑카라반파크 ,바다 아이들 
1074,1075,임하호 수상레저타운캠핑장,강가 수영장 오토 글램핑 카라반 아이들 트레일러 
1075,1076,잉카마야박물관&캠핑장 ,수풀 오토 애완견 산책로 아이들 장비 트레일러 
1076,1077,자라섬캠핑장 ,호수 강가 수영장 오토 카라반 산책로 아이들 트레일러 
1077,1078,자연과우리펜션자동차야영장 ,산맥 계곡 아이들 트레일러 
1078,1079,자연밸리 관광농원,산맥 계곡 
1079,1080,자연속캠핑장,산맥 계곡 수풀 강가 수영장 애완견 아이들 체험 트레일러 
1080,1081,자연애 품 캠핑장,산맥 계곡 수풀 수영장 오토 카라반 산책로 아이들 트레일러 
1081,1082,자연애스토리 ,산맥 수영장 트레일러 
1082,1083,자연애캠핑장 ,강가 수영장 오토 아이들 체험 트레일러 
1083,1084,자연이랑캠프 ,계곡 수영장 오토 아이들 장비 트레일러 
1084,1085,자연펜션캠핑장 ,강가 수영장 아이들 트레일러 
1085,1086,자우림캠핑장,계곡 수풀 수영장 오토 아이들 장비 체험 트레일러 
1086,1087,자유인의 카라반,섬섬 강가 
1087,1088,자일랜드 ,산맥 계곡 수풀 수영장 오토 글램핑 산책로 아이들 체험 트레일러 
1088,1089,자작나무 펜션캠핑장,산맥 수풀 오토 아이들 장비 체험 트레일러 
1089,1090,작천정 별빛야영장 ,산맥 계곡 도심 아이들 
1090,1091,잔디팜캠핑장,산맥 호수 강가 수영장 산책로 아이들 
1091,1092,장남동산농원,계곡 수영장 오토 글램핑 아이들 트레일러 
1092,1093,장령산자연휴양림 야영장,산맥 수풀 수영장 오토 산책로 아이들 
1093,1094,장수누리파크 오토캠핑장,호수 아이들 트레일러 
1094,1095,장승마을 ,수풀 수영장 카라반 애완견 산책로 아이들 장비 
1095,1096,장좌리캠핑장 ,산맥 계곡 수영장 아이들 장비 트레일러 
1096,1097,소금강 장천마을 캠핑장,계곡 오토 애완견 트레일러 
1097,1098,장태산 자연휴양림 ,산맥 수풀 아이들 
1098,1099,장터추어탕 캠핑장,계곡 수영장 애완견 아이들 트레일러 
1099,1100,장호비치캠핑장,바다 오토 카라반 애완견 아이들 트레일러 
1100,1101,전원일기마을 오토캠핑장,산맥 수풀 수영장 아이들 장비 트레일러 
1101,1102,전주 도란도란카라반,산맥 글램핑 카라반 
1102,1103,정광산 관광농원 ,산맥 수영장 카라반 아이들 
1103,1104,정든 캠핑장,계곡 장비 
1104,1105,정선골민박캠핑장,계곡 오토 트레일러 
1105,1106,정선국민여가캠핑장,계곡 수풀 오토 트레일러 
1106,1107,정선군생태체험학습장야영장,강가 아이들 
1107,1108,정선애 펜션 캠핑장 ,강가 수영장 오토 글램핑 트레일러 
1108,1109,정원 캠핑장 ,강가 수영장 오토 장비 트레일러 
1109,1110,정읍시 내장산 국민여가캠핑장,산맥 계곡 호수 수풀 수영장 오토 글램핑 카라반 산책로 트레일러 
1110,1111,정이품송관광농원 ,산맥 계곡 수풀 수영장 애완견 아이들 장비 체험 트레일러 
1111,1112,제일관광캠핑장,수풀 수영장 
1112,1113,제주돌하르방 캠핑장,섬섬 수영장 오토 산책로 장비 트레일러 
1113,1114,제주베스트힐,산맥 수풀 글램핑 체험 트레일러 
1114,1115,제주벨리타캠핑장,섬섬 수영장 장비 
1115,1116,한우물영농조합법인 제주캠핑카라반,섬섬 바다 카라반 
1116,1117,제주파인비치 카라반 ,섬섬 바다 카라반 
1117,1118,제주플래티늄카라반 ,섬섬 바다 수영장 카라반 
1118,1119,제천 하늘뜨레 서울캠핑장 ,수풀 수영장 오토 산책로 장비 
1119,1120,모드니애캠핑장펜션,산맥 계곡 수풀 오토 애완견 산책로 아이들 트레일러 
1120,1121,제천승마오토캠핑장,수풀 수영장 오토 글램핑 산책로 아이들 체험 트레일러 
1121,1122,제천옛날학교캠핑장 ,산맥 계곡 수영장 
1122,1123,조개섬 야영장,강가 오토 아이들 체험 트레일러 
1123,1124,졸드루오토캠핑장 ,산맥 강가 
1124,1125,좋은세상리조트 ,산맥 수풀 수영장 글램핑 아이들 
1125,1126,좌구산오토캠핑장,산맥 산책로 트레일러 
1126,1127,포천준글램핑,산맥 계곡 수풀 수영장 오토 글램핑 아이들 트레일러 
1127,1128,주막거리캠프 ,계곡 
1128,1129,주문진글램핑오토캠핑장,산맥 계곡 수풀 글램핑 장비 체험 
1129,1130,신북온천글램핑장,산맥 계곡 수풀 수영장 글램핑 산책로 아이들 트레일러 
1130,1131,주식회사 제이에스글로벌,수풀 
1131,1132,주암 오토캠핑장 ,산맥 수풀 오토 아이들 장비 
1132,1133,주왕산국립공원 상의자동차 야영장 ,산맥 계곡 수풀 산책로 트레일러 
1133,1134,주은 자연휴양림 ,산맥 계곡 수풀 수영장 오토 아이들 체험 
1134,1135,주천강 자연휴양림 ,산맥 수풀 강가 수영장 오토 아이들 체험 트레일러 
1135,1136,죽도야영체험장 ,도심 
1136,1137,양양 죽도오토캠핑장,바다 글램핑 카라반 애완견 장비 체험 트레일러 
1137,1138,중랑캠핑숲,도심 오토 아이들 
1138,1139,중문진실캠핑장 ,수풀 
1139,1140,중미산 자연휴양림 ,산맥 계곡 수풀 산책로 
1140,1141,중바위캠핑장,산맥 계곡 수풀 오토 
1141,1142,중산리야영장 ,산맥 수풀 오토 아이들 
1142,1143,춘장대 중앙솔밭캠핑,바다 체험 
1143,1144,즐거운나들이 관광농원,산맥 수풀 수영장 오토 글램핑 산책로 아이들 장비 트레일러 
1144,1145,증산수도계곡캠핑장,산맥 수영장 애완견 
1145,1146,지경국민여가캠핑장 ,바다 강가 산책로 
1146,1147,지금부터힐링글램핑 ,산맥 수영장 글램핑 아이들 체험 
1147,1148,지내울 야영장,산맥 수영장 오토 아이들 트레일러 
1148,1149,지리산 노을 ,산맥 수영장 글램핑 아이들 
1149,1150,지리산 숲속의 쉼터,산맥 계곡 수풀 수영장 오토 아이들 트레일러 
1150,1151,지리산반내골오토캠핑장,산맥 계곡 수풀 수영장 트레일러 
1151,1152,백무동파크펜션&글램핑야영장,산맥 수영장 오토 글램핑 아이들 장비 트레일러 
1152,1153,지리산산내들펜션야영장 ,산맥 계곡 수풀 오토 아이들 트레일러 
1153,1154,지리산오도재힐링캠핑장,산맥 계곡 수풀 오토 아이들 
1154,1155,지리산오토캠핑장 (호호당),산맥 산책로 아이들 트레일러 
1155,1156,지리산천왕봉야영장 ,산맥 계곡 수풀 오토 아이들 트레일러 
1156,1157,지오클럽,바다 아이들 체험 
1157,1158,지지밸리야영장,산맥 계곡 수풀 수영장 오토 애완견 아이들 장비 트레일러 
1158,1159,진경원민박캠핑장 ,수풀 오토 애완견 산책로 아이들 체험 트레일러 
1159,1160,진고개계곡야영장 ,계곡 오토 장비 트레일러 
1160,1161,진도풍경오토캠핑장,산맥 계곡 아이들 체험 트레일러 
1161,1162,진밭골향기관광농원 야영장,계곡 수풀 수영장 오토 아이들 장비 체험 트레일러 
1162,1163,진북 편백골 관광농원 캠핑장 ,산맥 수풀 수영장 오토 아이들 체험 
1163,1164,대둔산자연휴양림캠핑장,산맥 수영장 글램핑 산책로 아이들 
1164,1165,진안국제 캠핑장,산맥 계곡 호수 수영장 오토 애완견 트레일러 
1165,1166,집보다 캠핑장,산맥 수풀 
1166,1167,짱아 야영장,산맥 수풀 수영장 오토 산책로 아이들 트레일러 
1167,1168,쪽빛하늘 캠핑장,계곡 수영장 오토 카라반 아이들 체험 트레일러 
1168,1169,참숯골 캠핑장 ,수풀 수영장 오토 애완견 트레일러 
1169,1170,창원휴양림 오토캠핑장,산맥 수풀 수영장 오토 아이들 체험 트레일러 
1170,1171,채움 관광농원,수풀 수영장 글램핑 산책로 아이들 체험 
1171,1172,천동계곡 야영장,산맥 계곡 수영장 산책로 아이들 장비 트레일러 
1172,1173,천동오토캠핑장,산맥 계곡 수풀 수영장 산책로 아이들 
1173,1174,천등산캠핑장 ,계곡 강가 수영장 오토 아이들 장비 체험 트레일러 
1174,1175,천리안 캠프힐 ,산맥 수풀 수영장 오토 아이들 
1175,1176,천문대 별빛정원 ,산맥 수영장 오토 애완견 아이들 장비 트레일러 
1176,1177,천문대오토캠핑장 ,산맥 수영장 
1177,1178,천사봉오토캠핑장 ,산맥 계곡 오토 
1178,1179,천안 밤나무골 가족사랑 캠핑장 ,산맥 수영장 오토 아이들 장비 체험 트레일러 
1179,1180,천안OK캠핑 ,산맥 강가 수영장 오토 애완견 아이들 트레일러 
1180,1181,천태산 오토캠핑장 ,산맥 수풀 
1181,1182,천하마을야영장 ,수풀 바다 오토 
1182,1183,천하장사골야영장 ,산맥 수풀 수영장 오토 산책로 아이들 트레일러 
1183,1184,철원가산농원캠핑장 ,수풀 수영장 오토 카라반 아이들 
1184,1185,철원 평화마을 서울캠핑장 ,강가 산책로 
1185,1186,첫마을 관광타운,계곡 섬섬 수영장 오토 카라반 아이들 체험 트레일러 
1186,1187,첫물내기캠핑장 ,산맥 계곡 오토 산책로 장비 트레일러 
1187,1188,청간정 콘도 카라반 캠핑장 ,바다 카라반 아이들 
1188,1189,청계동 솔바람야영장,산맥 수풀 오토 아이들 체험 
1189,1190,청광새들녘캠핑,산맥 수풀 수영장 애완견 산책로 아이들 체험 트레일러 
1190,1191,청담 관광농원 ,산맥 수풀 수영장 아이들 
1191,1192,청도 지오오토캠핑장 ,산맥 계곡 강가 수영장 오토 아이들 장비 트레일러 
1192,1193,청도 힐링 오토캠핑장 ,산맥 계곡 수풀 수영장 트레일러 
1193,1194,청도감꽃 국민여가캠핑장,도심 오토 카라반 
1194,1195,청도군 자전거공원 캠핑장,산맥 강가 오토 
1195,1196,청도 그린나래 오토캠핑장,산맥 계곡 수풀 수영장 산책로 아이들 장비 트레일러 
1196,1197,청도글램핑 ,수풀 수영장 글램핑 산책로 아이들 
1197,1198,청도신화랑 풍류마을 오토캠핑장,산맥 애완견 아이들 체험 트레일러 
1198,1199,청도프로방스 카라반캠핑카펜션,도심 카라반 
1199,1200,청도프로방스불빛축제카라반펜션 ,도심 카라반 
1200,1201,청량산 나무네숲 캠핑장 ,산맥 수풀 수영장 오토 아이들 트레일러 
1201,1202,청량산캠핑장,산맥 수풀 
1202,1203,청산 캠프 ,계곡 
1203,1204,청산관광농원 캠핑장 ,산맥 
1204,1205,트리독스 애견전용캠핑장,산맥 수영장 애완견 산책로 아이들 트레일러 
1205,1206,청산별곡 ,산맥 오토 산책로 트레일러 
1206,1207,청산야영장,바다 아이들 
1207,1208,청석들오토캠핑 ,계곡 수풀 수영장 오토 아이들 트레일러 
1208,1209,청송캠핑장 ,계곡 수풀 오토 애완견 체험 트레일러 
1209,1210,청암관광농원 ,수풀 수영장 아이들 
1210,1211,청암산오토캠핑장 ,호수 수영장 카라반 산책로 체험 트레일러 
1211,1212,청양 동강리 오토캠핑장 ,강가 산책로 
1212,1213,청옥산깨비마을야영장 ,산맥 카라반 아이들 체험 트레일러 
1213,1214,청옥야영장,산맥 계곡 수풀 오토 애완견 
1214,1215,청운오토캠핑장,수풀 수영장 오토 아이들 체험 트레일러 
1215,1216,청일관광농원,산맥 계곡 수영장 오토 체험 트레일러 
1216,1217,청자촌 오토캠핑장 ,도심 강가 수영장 카라반 아이들 체험 트레일러 
1217,1218,청주키즈캠핑장 ,수풀 수영장 오토 산책로 트레일러 
1218,1219,청천 화양동관광농원 초롱이캠핑장,산맥 계곡 수풀 수영장 오토 애완견 산책로 아이들 트레일러 
1219,1220,청천수목원 야영장,산맥 산책로 아이들 
1220,1221,청평다감캠핑장 ,호수 강가 수영장 오토 애완견 장비 
1221,1222,청풍명월 캠핑장,수풀 수영장 오토 장비 체험 트레일러 
1222,1223,청풍월드니스글램핑 ,산맥 수영장 
1223,1224,청풍호오토캠핑장 ,계곡 수풀 수영장 카라반 아이들 
1224,1225,청화산캠프관광농원 ,산맥 수풀 수영장 카라반 산책로 아이들 
1225,1226,초락나루펜션&글램핑,수풀 수영장 오토 글램핑 산책로 아이들 
1226,1227,초록슈피아오토캠핑장 ,산맥 계곡 수영장 아이들 체험 트레일러 
1227,1228,초막골생태공원 느티나무야영장 ,수풀 도심 오토 글램핑 
1228,1229,초안산캠핑장,도심 오토 아이들 트레일러 
1229,1230,파이브스톤즈가든,산맥 도심 수영장 오토 아이들 장비 
1230,1231,초전마을 캠핑장,산맥 수풀 바다 오토 아이들 장비 
1231,1232,초평밤나무 ,수풀 수영장 오토 아이들 체험 트레일러 
1232,1233,최남단글램핑 ,바다 
1233,1234,추동캠프 ,수풀 수영장 오토 산책로 아이들 장비 체험 트레일러 
1234,1235,추암오토캠핑장,바다 오토 아이들 
1235,1236,추억만들기 캠핑장,산맥 계곡 트레일러 
1236,1237,추억촌,산맥 수영장 오토 아이들 트레일러 
1237,1238,축령산 자연휴양림 ,산맥 수풀 수영장 오토 아이들 
1238,1239,춘장대나드리캠핑장 ,바다 수영장 오토 애완견 아이들 장비 체험 트레일러 
1239,1240,춘장대오토캠핑장,바다 트레일러 
1240,1241,춘천 박사마을 어린이 글램핑장,강가 수영장 글램핑 산책로 아이들 
1241,1242,춘천Believing(빌리빙)캠핑장 ,계곡 오토 트레일러 
1242,1243,춘천숲자연휴양림엔글램핑,산맥 수풀 수영장 오토 글램핑 산책로 아이들 체험 트레일러 
1243,1244,춘천캠핑월드 ,산맥 강가 수영장 
1244,1245,충북대학교 천문대천문체험학교,산맥 수영장 산책로 장비 체험 트레일러 
1245,1246,충주 탄금호 캠핑리조트,호수 
1246,1247,충주반딧불 오토캠핑장,수풀 수영장 카라반 아이들 장비 트레일러 
1247,1248,충주카누캠핑장 ,산맥 호수 수풀 애완견 트레일러 
1248,1249,충주호캠핑월드,수풀 강가 수영장 글램핑 산책로 아이들 트레일러 
1249,1250,금강자연휴양림,산맥 계곡 수풀 강가 오토 산책로 아이들 체험 
1250,1251,충효테마관광농원야영장,산맥 수풀 수영장 글램핑 체험 트레일러 
1251,1252,치산 관광지 캠핑장 ,산맥 계곡 카라반 아이들 
1252,1253,치악신림오토캠핑장 ,계곡 수풀 아이들 장비 체험 
1253,1254,청양 칠갑산 오토캠핑장 ,산맥 수풀 
1254,1255,칠갑산 자연휴양림 ,산맥 계곡 수풀 수영장 아이들 트레일러 
1255,1256,칠곡보 오토캠핑장,강가 수영장 오토 아이들 
1256,1257,칠포오토캠핑장 ,수풀 수영장 오토 아이들 트레일러 
1257,1258,칡소폭포 캠핑장 ,계곡 오토 트레일러 
1258,1259,카누글램핑펜션 ,수풀 수영장 글램핑 
1259,1260,카라반 르몽드,산맥 도심 카라반 아이들 체험 
1260,1261,카라반 캠프,섬섬 바다 카라반 
1261,1262,카라반 캠핑장 ,산맥 계곡 
1262,1263,카라반랜드 ,바다 수영장 카라반 
1263,1264,카라반베이캠핑장 ,도심 수영장 글램핑 카라반 아이들 
1264,1265,카라반에코빌리지,수풀 카라반 아이들 
1265,1266,칼봉산카라반캠핑장,산맥 계곡 수풀 도심 카라반 
1266,1267,캄파슬로우캠핑장,산맥 계곡 수풀 오토 글램핑 아이들 트레일러 
1267,1268,캐나디언 카누클럽 야영장,섬섬 강가 오토 
1268,1269,캐리비안캠프 ,산맥 수영장 카라반 아이들 장비 
1269,1270,캠누리 오토캠핑장,강가 수영장 오토 아이들 트레일러 
1270,1271,캠파제주 ,산맥 카라반 아이들 
1271,1272,캠프 예그리나 ,수풀 오토 산책로 아이들 트레일러 
1272,1273,캠프ing 오토캠핑장,수풀 수영장 산책로 아이들 장비 트레일러 
1273,1274,캠프락캠핑장,산맥 계곡 수풀 글램핑 카라반 장비 트레일러 
1274,1275,캠프레이크 ,호수 글램핑 
1275,1276,캠프리카캠핑장 ,산맥 계곡 수풀 수영장 오토 글램핑 산책로 아이들 장비 트레일러 
1276,1277,캠프바베큐 ,수풀 수영장 오토 애완견 산책로 아이들 장비 
1277,1278,캠프수풀이,산맥 계곡 수풀 수영장 글램핑 아이들 장비 트레일러 
1278,1279,캠프오후4시,산맥 수풀 카라반 애완견 아이들 체험 트레일러 
1279,1280,캠프원 관광농원,수풀 수영장 글램핑 아이들 장비 트레일러 
1280,1281,캠프향기,수풀 수영장 글램핑 카라반 산책로 아이들 
1281,1282,캠핑 뜨락 오토캠핑장,계곡 수영장 오토 아이들 장비 
1282,1283,캠핑494 ,계곡 강가 
1283,1284,캠핑라운드 ,산맥 바다 
1284,1285,캠핑라운지 ,산맥 수영장 오토 글램핑 아이들 장비 트레일러 
1285,1286,힐링캠프글램핑,섬섬 바다 글램핑 
1286,1287,캠핑월드 ,산맥 계곡 수풀 수영장 글램핑 아이들 
1287,1288,캠핑코리아 ,산맥 수영장 
1288,1289,캠핑코리아 카라반오토캠핑장 ,바다 
1289,1290,캠핑하는 집 ,강가 수영장 
1290,1291,성주오토캠핑장,호수 수영장 카라반 애완견 장비 체험 트레일러 
1291,1292,켄싱턴 호텔 평창 글램핑 빌리지,호수 수풀 수영장 글램핑 아이들 
1292,1293,코끼리관광농원 ,산맥 계곡 수풀 수영장 오토 애완견 장비 트레일러 
1293,1294,코끼리캠핑장,산맥 계곡 수풀 수영장 오토 글램핑 아이들 장비 트레일러 
1294,1295,코레일 낙산연수원 ,산맥 바다 강가 수영장 산책로 아이들 
1295,1296,코코비발디 글램핑 ,계곡 수풀 수영장 글램핑 아이들 
1296,1297,쿵쿵소 캠핑장 ,산맥 계곡 오토 트레일러 
1297,1298,큐브존캠핑장 ,산맥 수영장 트레일러 
1298,1299,큰마당캠핑장,산맥 계곡 수풀 강가 수영장 아이들 장비 트레일러 
1299,1300,큰집글램핑,수풀 수영장 글램핑 애완견 아이들 
1300,1301,클럽노블픽 ,산맥 수풀 글램핑 아이들 
1301,1302,클럽레드존캠핑장 ,호수 수영장 아이들 트레일러 
1302,1303,클럽레스피아 ,산맥 강가 글램핑 카라반 
1303,1304,클럽프리모			 ,계곡 수풀 수영장 글램핑 아이들 
1304,1305,키즈글램핑GEO ,산맥 수풀 수영장 글램핑 카라반 아이들 
1305,1306,키즈드림 캠핑장,수풀 수영장 애완견 산책로 아이들 장비 트레일러 
1306,1307,킨텍스캠핑장 ,도심 오토 카라반 트레일러 
1307,1308,태기산 아름채 관광공원 ,산맥 수풀 오토 체험 트레일러 
1308,1309,태라 글램핑 ,산맥 수영장 글램핑 
1309,1310,태안둘레길캠핑장,산맥 바다 강가 수영장 오토 애완견 아이들 체험 트레일러 
1310,1311,태안라온캠핑장 ,바다 카라반 애완견 아이들 트레일러 
1311,1312,태안별빛오토캠핑장 ,바다 수영장 오토 글램핑 아이들 장비 
1312,1313,태양과 바다 캠핑장 ,산맥 오토 트레일러 
1313,1314,태학산 자연휴양림 오토캠핑장,산맥 계곡 수풀 오토 아이들 
1314,1315,태화연캠핑장,산맥 수풀 산책로 아이들 트레일러 
1315,1316,터닝포인트카라반&캠핑,산맥 카라반 
1316,1317,테르메덴 카라반,산맥 수풀 
1317,1318,테이스트캠프,계곡 수영장 장비 트레일러 
1318,1319,텐타우스 ,수풀 수영장 오토 산책로 장비 트레일러 
1319,1320,토함산 자연휴양림 ,산맥 수영장 오토 아이들 
1320,1321,통고산 자연휴양림야영장,산맥 수풀 오토 산책로 아이들 체험 
1321,1322,통영 동원리조트 글램핑 ,산맥 수풀 바다 수영장 카라반 산책로 아이들 체험 
1322,1323,통영오토캠핑장 ,산맥 수영장 아이들 
1323,1324,통영캠핑스토리 ,산맥 수풀 수영장 아이들 장비 트레일러 
1324,1325,툇골 캠핑장 ,산맥 수영장 오토 아이들 트레일러 
1325,1326,트로피칼드림야영장,산맥 수풀 카라반 아이들 
1326,1327,트리캠핑장 ,섬섬 수풀 오토 애완견 장비 체험 
1327,1328,트윈스캠핑장,도심 카라반 
1328,1329,티피 캠핑장 ,바다 아이들 체험 트레일러 
1329,1330,욕지도 파라다이스 캠핑장 ,섬섬 바다 장비 체험 트레일러 
1330,1331,파라다이스스파도고 카라반캠핑장 ,도심 카라반 
1331,1332,파래소캠핑장,산맥 계곡 수풀 수영장 오토 트레일러 
1332,1333,파인벨리팬션 글램핑,산맥 수풀 수영장 아이들 
1333,1334,파인트리 캠핑장 ,계곡 수풀 수영장 글램핑 카라반 애완견 아이들 트레일러 
1334,1335,파주기산캠프,호수 수풀 수영장 아이들 장비 체험 트레일러 
1335,1336,파크12 ,호수 강가 글램핑 아이들 체험 
1336,1337,파피루스 캠핑장 ,수풀 수영장 오토 글램핑 산책로 
1337,1338,팔공산글램핑 ,계곡 수풀 수영장 글램핑 아이들 장비 
1338,1339,팔공산금화자연휴양림 ,산맥 오토 카라반 산책로 아이들 
1339,1340,팔봉글램핑 ,계곡 강가 
1340,1341,팔봉산관광지 야영장,산맥 계곡 오토 아이들 트레일러 
1341,1342,팔영산 자연휴양림 야영장,산맥 수풀 오토 
1342,1343,팔영산야영장,산맥 수풀 아이들 
1343,1344,팜스퀘어 하늘타리 ,산맥 수풀 수영장 오토 아이들 장비 체험 트레일러 
1344,1345,팜핑제주 ,수풀 
1345,1346,패밀리오토캠핑장,산맥 계곡 산책로 체험 
1346,1347,패밀리 오토캠핑장,산맥 계곡 수풀 수영장 오토 산책로 아이들 장비 체험 트레일러 
1347,1348,패밀리야영장 ,산맥 계곡 수풀 오토 
1348,1349,페리아오토캠핑장,바다 수영장 카라반 산책로 아이들 
1349,1350,펜션벨뷰캠핑장,계곡 수영장 오토 산책로 아이들 트레일러 
1350,1351,사계절 글램핑,도심 강가 글램핑 산책로 장비 
1351,1352,편백힐(치유의숲)야영장,산맥 수풀 오토 아이들 트레일러 
1352,1353,평사리공원 야영장,산맥 섬섬 강가 산책로 아이들 
1353,1354,평산 오토캠핑 야영장 ,산맥 계곡 수풀 수영장 오토 애완견 아이들 장비 트레일러 
1354,1355,포레스트 카라반 파크,섬섬 수영장 카라반 
1355,1356,포레스트 카라반,강가 수영장 글램핑 카라반 아이들 장비 
1356,1357,포레스트12,수풀 오토 아이들 
1357,1358,포시즌,산맥 계곡 
1358,1359,포시즌스 오토캠핑장,산맥 계곡 수풀 수영장 아이들 트레일러 
1359,1360,포시즌파크,산맥 계곡 수풀 강가 수영장 오토 산책로 아이들 장비 
1360,1361,포안캠핑 ,계곡 수영장 산책로 
1361,1362,포천 베어스 글램핑 파크,산맥 계곡 수풀 수영장 글램핑 산책로 아이들 
1362,1363,포천 비둘기낭 캠핑장,수풀 수영장 산책로 트레일러 
1363,1364,포천 화적연 캠핑장,산맥 계곡 수풀 강가 수영장 오토 아이들 장비 트레일러 
1364,1365,포천글램핑앤카라반 ,산맥 수풀 수영장 글램핑 카라반 산책로 아이들 
1365,1366,포천리컴펜글 ,계곡 수영장 글램핑 아이들 
1366,1367,포천이동생태공원 캠핑장,산맥 수풀 수영장 오토 산책로 아이들 
1367,1368,포천자연마을 서울캠핑장 ,산맥 수풀 오토 산책로 아이들 
1368,1369,포천파크야영장,수풀 수영장 카라반 애완견 아이들 
1369,1370,포항오토캠핑장 루트7 ,수풀 수영장 오토 애완견 산책로 아이들 장비 트레일러 
1370,1371,폭포가 있는 캠핑장 ,계곡 오토 애완견 아이들 장비 트레일러 
1371,1372,폭포골자연휴양림야영장,계곡 수풀 오토 아이들 장비 트레일러 
1372,1373,폴라리스야영장 ,산맥 글램핑 
1373,1374,푸른바다와 캠핑 ,산맥 바다 수영장 아이들 장비 트레일러 
1374,1375,푸른솔 관광농원 야영장 ,산맥 수풀 
1375,1376,푸른숲캠핑장,계곡 수풀 오토 아이들 장비 
1376,1377,풍경,계곡 장비 트레일러 
1377,1378,풍성채 캠핑장 ,산맥 수영장 산책로 
1378,1379,풍혈산 캠핑장 ,계곡 수영장 오토 글램핑 아이들 트레일러 
1379,1380,프라임캠핑장 ,산맥 계곡 수영장 오토 아이들 트레일러 
1380,1381,프로방스펜션,바다 수영장 오토 글램핑 산책로 장비 트레일러 
1381,1382,프린세스 캠핑장,산맥 오토 아이들 장비 
1382,1383,플레이랜드 캠핑장,수풀 오토 카라반 아이들 장비 트레일러 
1383,1384,플로레스타글램핑,산맥 수풀 수영장 글램핑 산책로 아이들 장비 
1384,1385,피노키오 자연휴양림 야영장,산맥 수풀 수영장 오토 아이들 체험 트레일러 
1385,1386,피아골오토캠핑장,산맥 계곡 수풀 수영장 오토 글램핑 카라반 산책로 아이들 트레일러 
1386,1387,피플앤독 힐링캠핑장 ,산맥 오토 애완견 장비 트레일러 
1387,1388,핀란드캠핑장,수풀 
1388,1389,핏들캠핑장,계곡 수풀 수영장 오토 아이들 장비 트레일러 
1389,1390,하늘구름길 캠핑장 ,산맥 오토 아이들 트레일러 
1390,1391,하늘그린캠프 ,산맥 수풀 오토 아이들 장비 체험 
1391,1392,하늘물빛정원 글램핑,산맥 호수 강가 아이들 
1392,1393,하늘바다오토캠핑장,섬섬 바다 수영장 오토 글램핑 아이들 장비 체험 트레일러 
1393,1394,하늘바라기 글램핑 ,수풀 강가 수영장 글램핑 
1394,1395,하늘바라기캠핑장 ,산맥 수풀 
1395,1396,하늘빛계곡,계곡 오토 아이들 
1396,1397,하늘숲글램핑 파크,계곡 수풀 수영장 글램핑 장비 
1397,1398,하늘숲캠핑장,산맥 호수 수풀 글램핑 아이들 장비 
1398,1399,하늘아래첫동네오토캠핑장 ,계곡 
1399,1400,하늘연캠핑장 ,산맥 계곡 수영장 글램핑 아이들 장비 체험 트레일러 
1400,1401,하늘캠핑장,산맥 수풀 오토 글램핑 장비 체험 
1401,1402,하동군 다목적 캠핑장 ,산맥 계곡 강가 아이들 
1402,1403,하랑캠핑장,수풀 수영장 오토 산책로 아이들 트레일러 
1403,1404,하마캠핑장,산맥 수영장 오토 애완견 장비 체험 트레일러 
1404,1405,하얀바다 캠핑장,바다 
1405,1406,하얀여울,계곡 오토 장비 트레일러 
1406,1407,하오재캠핑장,계곡 수영장 아이들 장비 체험 트레일러 
1407,1408,하옥히든밸리 ,계곡 수영장 
1408,1409,하이락 글램핑장 ,산맥 계곡 강가 수영장 
1409,1410,하이원추추파크 자동차야영장,산맥 산책로 트레일러 
1410,1411,하이캠핑장,산맥 계곡 수풀 수영장 오토 글램핑 아이들 장비 트레일러 
1411,1412,봉강 하조 오토캠핑장,산맥 수풀 수영장 산책로 
1412,1413,하추 자연휴양림 ,계곡 섬섬 수풀 도심 강가 
1413,1414,학가산 우래 자연휴양림,산맥 계곡 수풀 수영장 오토 산책로 아이들 트레일러 
1414,1415,학교안 풍경캠핑장 ,수풀 수영장 산책로 
1415,1416,학동자동차 야영장 ,바다 
1416,1417,학마을캠프,호수 수영장 오토 아이들 장비 체험 트레일러 
1417,1418,학암포 퍼스트 캠핑장 ,바다 오토 글램핑 카라반 장비 체험 트레일러 
1418,1419,학암포 오토 캠핑장,바다 트레일러 
1419,1420,학포야영장,산맥 섬섬 수풀 바다 산책로 
1420,1421,한강공원 난지캠핑장,도심 오토 아이들 
1421,1422,한다리골 야영장 ,산맥 계곡 애완견 트레일러 
1422,1423,한라산국립공원 관음사지구 야영장 ,산맥 수풀 오토 산책로 아이들 트레일러 
1423,1424,한마음오토캠핑장 ,바다 오토 애완견 아이들 장비 트레일러 
1424,1425,동의보감촌 숲속글램핑,산맥 수풀 수영장 오토 글램핑 산책로 트레일러 
1425,1426,한송오토캠핑장,산맥 계곡 수풀 아이들 
1426,1427,한스캠핑장 ,계곡 수영장 오토 아이들 장비 트레일러 
1427,1428,한실관광농원 야영장,산맥 수영장 오토 글램핑 산책로 아이들 체험 트레일러 
1428,1429,한울오토캠핑장,계곡 수영장 아이들 장비 체험 트레일러 
1429,1430,한천 자연휴양림 ,산맥 계곡 수풀 카라반 산책로 아이들 트레일러 
1430,1431,한탄강관광지 오토캠핑장 ,강가 수영장 카라반 아이들 
1431,1432,한탄강소나무캠핑 ,계곡 수영장 오토 글램핑 아이들 트레일러 
1432,1433,한터팜오토캠핑장 ,산맥 수영장 아이들 장비 트레일러 
1433,1434,한티별빛아래관광농원 야영장 ,산맥 수영장 산책로 장비 트레일러 
1434,1435,함양 용추 오토캠핑장,계곡 수영장 아이들 장비 체험 트레일러 
1435,1436,함양천자봉관광농원숲속애 ,산맥 계곡 수풀 수영장 오토 산책로 아이들 장비 체험 트레일러 
1436,1437,함평나비마을 서울캠핑장,수풀 수영장 산책로 아이들 장비 체험 트레일러 
1437,1438,함허동천야영장,산맥 수풀 오토 산책로 아이들 체험 
1438,1439,합천 아마존 오토캠핑장,산맥 계곡 수영장 아이들 체험 
1439,1440,합천라온오토캠핑장 ,산맥 호수 수풀 수영장 글램핑 아이들 
1440,1441,합천수피아캠핑,호수 수풀 아이들 
1441,1442,합천호 코지캠핑장,산맥 수풀 수영장 글램핑 카라반 산책로 아이들 
1442,1443,합천휴테마파크 ,산맥 수영장 오토 아이들 체험 트레일러 
1443,1444,항도야영장,바다 아이들 체험 트레일러 
1444,1445,해담구룡령 야영장,계곡 체험 트레일러 
1445,1446,대풍바위 오토캠핑장,산맥 바다 아이들 
1446,1447,해밀캠핑장,산맥 오토 애완견 산책로 트레일러 
1447,1448,해바라기캠핑장,수풀 수영장 오토 애완견 장비 트레일러 
1448,1449,해솔길 캠핑장 ,수풀 오토 
1449,1450,해솔캠핑장,산맥 수영장 오토 애완견 아이들 장비 체험 트레일러 
1450,1451,해여림빌리지 ,산맥 수영장 산책로 아이들 
1451,1452,해오름 관광농원 ,바다 오토 애완견 산책로 아이들 트레일러 
1452,1453,해지개캠핑장,강가 애완견 트레일러 
1453,1454,해창만 수변공원 오토캠핑장,강가 오토 산책로 아이들 트레일러 
1454,1455,해피캠핑장,산맥 수풀 수영장 아이들 트레일러 
1455,1456,애견전용 햇살가득캠핑장,산맥 계곡 수풀 수영장 오토 애완견 아이들 장비 
1456,1457,햇살아래 캠핑장 ,수풀 수영장 오토 카라반 산책로 트레일러 
1457,1458,햇살정원 제주캠핑&민박,섬섬 바다 오토 
1458,1459,햇솔오토캠핑장,섬섬 바다 수영장 아이들 장비 트레일러 
1459,1460,행복빌리지 ,계곡 수영장 오토 아이들 장비 체험 트레일러 
1460,1461,행복숲 체험원 ,산맥 수풀 수영장 오토 아이들 
1461,1462,행복한나드리캠핑장 ,계곡 수풀 강가 수영장 오토 애완견 트레일러 
1462,1463,행복한소풍캠핑장,섬섬 수영장 오토 글램핑 아이들 장비 체험 
1463,1464,항골계곡 야영장 ,산맥 계곡 
1464,1465,향기로운추억캠핑장,계곡 호수 강가 수영장 글램핑 카라반 아이들 장비 
1465,1466,향림오토캠핑장,산맥 계곡 수풀 산책로 
1466,1467,허그안 힐링캠프,산맥 애완견 
1467,1468,헤밍웨이 글램핑,산맥 수풀 바다 수영장 글램핑 아이들 
1468,1469,헤스티아,호수 수풀 수영장 글램핑 아이들 
1469,1470,해오름펜션야영장,계곡 수풀 수영장 오토 산책로 아이들 트레일러 
1470,1471,호두나무캠핑장,계곡 수풀 수영장 오토 아이들 장비 트레일러 
1471,1472,호명산 캠프 ,계곡 수풀 오토 아이들 장비 
1472,1473,호반캠핑장,호수 도심 오토 글램핑 카라반 트레일러 
1473,1474,호반오토캠핑장 ,산맥 계곡 호수 수풀 수영장 아이들 트레일러 
1474,1475,호수산장관광농원 ,수풀 수영장 산책로 아이들 장비 
1475,1476,호수캠핑장,호수 카라반 아이들 장비 
1476,1477,호식이 캠핑장 ,산맥 계곡 오토 트레일러 
1477,1478,호연재,산맥 계곡 수풀 글램핑 
1478,1479,홍길동테마파크 야영장,산맥 오토 산책로 아이들 트레일러 
1479,1480,홍산관광농원 ,수풀 수영장 카라반 산책로 아이들 장비 
1480,1481,홍천강 오토캠핑장 ,강가 수영장 오토 아이들 트레일러 
1481,1482,홍천동산펜션 오토캠핑장 ,산맥 계곡 강가 수영장 아이들 
1482,1483,홍천와캠핑,계곡 강가 
1483,1484,화강 수변 오토캠핑장,강가 산책로 트레일러 
1484,1485,화니캠핑앤글램핑 ,산맥 수영장 오토 글램핑 아이들 장비 
1485,1486,화암약수 야영장 ,계곡 수풀 오토 카라반 아이들 트레일러 
1486,1487,화양 원탑캠핑장 ,수풀 강가 오토 아이들 장비 트레일러 
1487,1488,화왕산자연휴양림 ,산맥 수풀 오토 산책로 아이들 체험 
1488,1489,화이트 오토캠핑장 ,산맥 계곡 강가 수영장 오토 애완견 아이들 장비 트레일러 
1489,1490,화천 휴캠핑장 ,산맥 수영장 오토 트레일러 
1490,1491,화천에코스쿨 생태체험장,산맥 호수 강가 
1491,1492,황매산 국민여가 캠핑장,산맥 아이들 트레일러 
1492,1493,황방산 생태야영장,산맥 카라반 산책로 아이들 
1493,1494,황산캠핑장,강가 오토 산책로 아이들 트레일러 
1494,1495,황토와 통나무 캠핑장,계곡 수풀 오토 아이들 장비 트레일러 
1495,1496,회문산 캠핑장,산맥 계곡 수풀 수영장 오토 산책로 아이들 체험 
1496,1497,횡성 별빛마을 서울캠핑장,계곡 오토 산책로 장비 체험 트레일러 
1497,1498,횡성 온새미로 캠핑장,계곡 강가 애완견 
1498,1499,횡성군 병지방 오토캠핑장,계곡 수풀 강가 오토 아이들 
1499,1500,횡성산울림오토캠핑장,산맥 계곡 수풀 오토 체험 트레일러 
1500,1501,횡성초보캠핑장,계곡 수풀 오토 장비 트레일러 
1501,1502,휘게리 잣나무숲 캠핑장,산맥 수풀 카라반 
1502,1503,휴가를 부탁해 캠핑장 ,산맥 계곡 수풀 강가 수영장 오토 장비 체험 
1503,1504,휴리조트 캠핑장 ,수풀 수영장 오토 글램핑 카라반 산책로 장비 
1504,1505,휴양빌리지 가온,계곡 수풀 글램핑 아이들 
1505,1506,휴파크 오토캠핑장,산맥 수영장 카라반 산책로 아이들 체험 
1506,1507,흙내음글램핑 ,수풀 글램핑 아이들 체험 
1507,1508,흙집섬진강풍경 ,산맥 계곡 수영장 오토 체험 트레일러 
1508,1509,흥부골 자연휴양림 ,산맥 수풀 수영장 아이들 
1509,1510,흥정계곡 캠핑 700 ,계곡 아이들 트레일러 
1510,1511,흥정계곡오토캠핑장 ,계곡 수풀 강가 산책로 
1511,1512,희리산 해송자연휴양림 일반야영장,산맥 수풀 수영장 산책로 아이들 
1512,1513,희리산해송자연휴양림 자동차야영장 ,산맥 수풀 수영장 산책로 아이들 
1513,1514,힐링 캠프,계곡 강가 
1514,1515,힐링스토리 ,산맥 수풀 오토 장비 체험 트레일러 
1515,1516,힐링카라반 ,산맥 카라반 
1516,1517,힐링캠프,산맥 수영장 
1517,1518,동상힐링캠핑장,산맥 계곡 수풀 오토 
1518,1519,힐링파크 ,산맥 계곡 호수 수풀 강가 수영장 오토 산책로 아이들 장비 체험 트레일러 
1519,1520,힐빙스토리자동차야영장,계곡 수영장 장비 트레일러 
1520,1521,힐사이드캠핑장 ,산맥 수영장 아이들 장비 트레일러 
1521,1522,힐포인트 ,도심 수영장 글램핑 카라반 산책로 
1522,1523,(주)에이치엠제이,호수 
1523,1524,링크독애견파크 글램핑&오토캠핑장,산맥 애완견 
1524,1525,OK가족캠핑장,산맥 수영장 오토 애완견 산책로 아이들 장비 체험 트레일러 
1525,1526,가야경 오토캠핑장 ,수풀 수영장 오토 카라반 아이들 
1526,1527,가야산국립공원 백운동 자동차야영장 ,산맥 계곡 수풀 
1527,1528,씨카라반,바다 카라반 산책로 장비 
1528,1529,갯골캠핑장,수풀 도심 오토 글램핑 아이들 체험 트레일러 
1529,1530,거창 국민여가캠핑장 ,산맥 수풀 오토 산책로 아이들 체험 
1530,1531,경포대카라반(경포대오토캠핑장),호수 바다 수영장 카라반 
1531,1532,고멧 캠핑장,산맥 수풀 
1532,1533,고포수변공원 캠핑장,강가 아이들 체험 트레일러 
1533,1534,골짜구니야영장,계곡 수풀 강가 오토 트레일러 
1534,1535,구름아래 캠핑장,계곡 수풀 수영장 아이들 장비 트레일러 
1535,1536,구학리 산채관광 마을,강가 
1536,1537,그린오토캠핑장 ,수풀 바다 오토 아이들 장비 트레일러 
1537,1538,그린콩 캠핑장,계곡 수풀 수영장 오토 아이들 장비 트레일러 
1538,1539,글램핑클럽레스피아in파주,산맥 수영장 
1539,1540,금물산하늘소캠프,산맥 계곡 수풀 오토 애완견 트레일러 
1540,1541,나주 글램핑 어스,호수 도심 글램핑 
1541,1542,내설악 글램핑 파크,강가 수영장 글램핑 아이들 
1542,1543,놀터캠핑장,산맥 수영장 아이들 체험 트레일러 
1543,1544,다리안관광지 ,산맥 계곡 아이들 
1544,1545,다옴펜션캠핑장,계곡 수풀 
1545,1546,달궁힐링야영장,산맥 계곡 수풀 오토 
1546,1547,달서별빛캠프 캠핑장,수풀 수영장 오토 카라반 산책로 아이들 트레일러 
1547,1548,대가야농촌문화체험특구 캠핑장,수풀 오토 산책로 장비 
1548,1549,대명캠프 팜랜드,수풀 수영장 오토 산책로 아이들 장비 트레일러 
1549,1550,대숲글램핑장,수풀 
1550,1551,더좋은 펜션 캠핑장,계곡 섬섬 오토 장비 트레일러 
1551,1552,덕유대 자연학습장,산맥 계곡 수풀 
1552,1553,락인뜰,산맥 섬섬 바다 
1553,1554,대청호 로하스 캠핑장,호수 수풀 강가 수영장 글램핑 산책로 아이들 
1554,1555,리프레쉬 캠핑장,산맥 계곡 아이들 
1555,1556,마검포 힐링캠핑장 ,바다 오토 글램핑 아이들 장비 체험 
1556,1557,마실 야영장,산맥 계곡 수풀 수영장 오토 글램핑 아이들 체험 트레일러 
1557,1558,마중펜션캠핑장,산맥 계곡 
1558,1559,목사골 야영장,산맥 계곡 수영장 아이들 
1559,1560,무거카라반,바다 수영장 산책로 아이들 
1560,1561,민머루 잼머,바다 강가 
1561,1562,바람흔적 글램핑 앤 카라반,산맥 아이들 
1562,1563,백사장사계절 숲속야영장,바다 오토 애완견 아이들 트레일러 
1563,1564,백양사 가인야영장,산맥 계곡 수풀 오토 아이들 
1564,1565,백운계곡캠핑장 ,계곡 오토 아이들 장비 트레일러 
1565,1566,뱀사골 힐링야영장,산맥 수풀 오토 아이들 
1566,1567,벨라캠핑장,수풀 수영장 오토 아이들 장비 체험 
1567,1568,변산반도국립공원 고사포 야영장,바다 오토 애완견 산책로 아이들 
1568,1569,별빛마을,산맥 계곡 수영장 오토 애완견 아이들 트레일러 
1569,1570,평창 보물섬캠핑장,계곡 수영장 
1570,1571,부귀농원 가족캠프 ,산맥 수풀 강가 오토 애완견 장비 트레일러 
1571,1572,불스 글램핑,산맥 수풀 글램핑 체험 
1572,1573,블루웨일 빌리지,바다 
1573,1574,비치캠핑장,산맥 수풀 바다 수영장 
1574,1575,비토 국민여가캠핑장,산맥 수풀 수영장 오토 글램핑 카라반 아이들 
1575,1576,산들바다관광농원,산맥 바다 
1576,1577,삼정야영장,산맥 수풀 체험 
1577,1578,상주보 오토캠핑장,강가 수영장 오토 산책로 아이들 장비 체험 트레일러 
1578,1579,서운산 자연휴양림 자동차야영장,산맥 수풀 
1579,1580,서후리캠핑장,산맥 수풀 수영장 애완견 트레일러 
1580,1581,선양캠핑장,섬섬 카라반 
1581,1582,송하루 오토캠핑장,산맥 수영장 애완견 아이들 장비 트레일러 
1582,1583,쇠소깍오토파크,수풀 강가 
1583,1584,수리덤 캠핑장,계곡 수풀 수영장 아이들 장비 
1584,1585,숲속야영장 휴림,수풀 오토 글램핑 카라반 아이들 체험 트레일러 
1585,1586,숲속에서 캠핑장,수풀 오토 글램핑 아이들 트레일러 
1586,1587,숲속의 정든집 야영장,수풀 강가 
1587,1588,스마일캠핑장,계곡 오토 
1588,1589,캠프 에이프릴,강가 카라반 
1589,1590,양산숲오토캠핑장,계곡 수풀 
1590,1591,어라운드폴리캠프,산맥 
1591,1592,언덕위에하얀집,바다 수영장 카라반 아이들 체험 
1592,1593,에덴 오토 캠핑장,바다 수영장 산책로 아이들 
1593,1594,연지곤지 캠핑장 ,계곡 오토 아이들 장비 트레일러 
1594,1595,연천 사미천 캠핑장,산맥 수풀 수영장 아이들 장비 트레일러 
1595,1596,영오 캠핑장,수풀 
1596,1597,오아시스글램핑,산맥 수풀 수영장 글램핑 카라반 애완견 아이들 
1597,1598,오크밸리카라반캠핑장,수풀 수영장 카라반 산책로 아이들 
1598,1599,왕송호수 캠핑장,산맥 호수 수풀 도심 
1599,1600,(주)밀모 빨강치마 야영장,산맥 산책로 
1600,1601,(주)밀모 빨강치마자동차야영장 ,산맥 수영장 글램핑 카라반 아이들 트레일러 
1601,1602,(주)수동자연마을 힐링별밤수목원캠핑장,산맥 계곡 수풀 오토 장비 
1602,1603,청보리오토캠핑장,산맥 섬섬 수영장 아이들 장비 체험 트레일러 
1603,1604,캠프통 아일랜드,산맥 호수 글램핑 아이들 
1604,1605,007흥정계곡 반딧불 캠핑장 ,계곡 강가 수영장 
1605,1606,메이플트리글램핑,산맥 계곡 수풀 수영장 글램핑 애완견 아이들 장비 
1606,1607,A&RS캡틴카라반 글램핑,산맥 수풀 수영장 글램핑 카라반 장비 트레일러 
1607,1608,각흘계곡 캠핑장,산맥 계곡 수풀 카라반 아이들 장비 
1608,1609,검디 관광농원 야영장,바다 강가 
1609,1610,MK골드캠프,산맥 수풀 오토 글램핑 카라반 
1610,1611,공수전리 마을 휴향지,수풀 오토 애완견 
1611,1612,구름위산책,산맥 강가 
1612,1613,국립화천 숲속야영장,계곡 수풀 강가 
1613,1614,그랑블루 글램핑야영장,산맥 바다 강가 
1614,1615,스톤힐,산맥 글램핑 아이들 
1615,1616,길안 다슬기캠프,도심 
1616,1617,깊이울유원지 캠핑장,산맥 계곡 수풀 오토 카라반 산책로 
1617,1618,남원 백두대간 힐링캠핑장,산맥 수풀 
1618,1619,뉴힐링캠프 ,계곡 
1619,1620,양평 다목적캠핑장,산맥 수풀 수영장 글램핑 산책로 아이들 트레일러 
1620,1621,단양 남천 캠핑장,산맥 계곡 강가 
1621,1622,달재오토캠핑장,계곡 수풀 트레일러 
1622,1623,당포 Miracle 캠핑장,산맥 
1623,1624,대관령자연휴양림,산맥 계곡 수풀 오토 산책로 아이들 체험 
1624,1625,대천해수욕장 야영장,바다 
1625,1626,도학 오토캠핑장,산맥 
1626,1627,동강아름캠프 ,강가 오토 트레일러 
1627,1628,동강전망휴양림오토캠핑장,산맥 아이들 트레일러 
1628,1629,동물카라반,산맥 수풀 수영장 오토 글램핑 카라반 애완견 아이들 
1629,1630,동산계곡 야영장,바다 오토 카라반 
1630,1631,두산 캠핑장,산맥 아이들 
1631,1632,마장호수 휴 캠핑장,호수 
1632,1633,담터맑은물 오토캠핑장,계곡 수풀 수영장 오토 글램핑 아이들 트레일러 
1633,1634,계곡메사오토메사캠핑장펜션 ,산맥 계곡 수풀 수영장 애완견 산책로 아이들 장비 트레일러 
1634,1635,메이 더 카라반,섬섬 바다 카라반 
1635,1636,제이스글램핑,수풀 글램핑 산책로 아이들 체험 
1636,1637,몽산포 자동차 야영장,바다 산책로 아이들 
1637,1638,무녀도 오토캠핑장,섬섬 바다 
1638,1639,무창포해수욕장 오토캠핑장,바다 수영장 
1639,1640,밀양아리랑 오토캠핑장,강가 산책로 트레일러 
1640,1641,바다의 별 관광농원,섬섬 바다 수영장 카라반 산책로 아이들 체험 트레일러 
1641,1642,바다풍경카라반,바다 
1642,1643,밤골야영장 ,계곡 오토 트레일러 
1643,1644,백담고을 캠핑장,산맥 계곡 수풀 오토 산책로 장비 
1644,1645,백련 리조트,수풀 수영장 산책로 
1645,1646,별밤펜션 캠핑장,계곡 수영장 애완견 장비 트레일러 
1646,1647,부산 송도오토캠핑장,바다 카라반 
1647,1648,분지울작은캠프장,산맥 바다 
1648,1649,비체올린,섬섬 수영장 오토 아이들 
1649,1650,산골캠핑장,계곡 오토 트레일러 
1650,1651,산중오토캠핑장,수풀 수영장 산책로 장비 
1651,1652,새연카라반리조트,산맥 계곡 수영장 카라반 애완견 산책로 아이들 장비 
1652,1653,샛별글램핑,바다 수영장 산책로 
1653,1654,서산글램핑 ,산맥 수영장 산책로 
1654,1655,성주산 자연휴양림,산맥 수풀 수영장 오토 산책로 체험 
1655,1656,수락 캠핑장,수풀 
1656,1657,숲속의하모니,산맥 계곡 수풀 강가 
1657,1658,스톤밸리캠핑장,수풀 수영장 오토 애완견 산책로 장비 트레일러 
1658,1659,아라야영장 ,수풀 수영장 
1659,1660,아프리카 예술박물관 캠핑장,수풀 수영장 산책로 
1660,1661,얼음골애플 오토캠핑장 ,산맥 계곡 수영장 카라반 체험 트레일러 
1661,1662,엄둔솔밭빌리지,계곡 수풀 오토 
1662,1663,엘림펜션 오토캠핑장 ,수풀 수영장 오토 애완견 산책로 트레일러 
1663,1664,더엠캠프,계곡 수풀 수영장 오토 글램핑 아이들 장비 
1664,1665,영주호오토캠핑장,수풀 강가 수영장 카라반 산책로 아이들 트레일러 
1665,1666,오름새,수풀 
1666,1667,와룡자연휴양림 야영장,산맥 수풀 수영장 산책로 체험 
1667,1668,와룡자연휴양림 자동차야영장,산맥 수풀 수영장 오토 산책로 아이들 체험 트레일러 
1668,1669,왕피천관광농원 ,산맥 계곡 수풀 수영장 산책로 트레일러 
1669,1670,욜로캠프,수풀 수영장 오토 글램핑 카라반 체험 트레일러 
1670,1671,용인반딧불캠핑장,산맥 산책로 
1671,1672,용인밤골캠핑장 ,산맥 
1672,1673,용천토리 오토캠핑장,수풀 수영장 아이들 체험 트레일러 
1673,1674,용추밸리 캠프 야영장,산맥 계곡 수풀 수영장 
1674,1675,운산리 구라이골 캠핑장,산맥 수풀 도심 강가 
1675,1676,워렉스 캠핑랜드,산맥 수풀 수영장 오토 산책로 아이들 
1676,1677,월계수 캠핑장 ,계곡 수풀 수영장 오토 애완견 아이들 장비 트레일러 
1677,1678,월성오토캠핑장,계곡 애완견 장비 트레일러 
1678,1679,유명산글램핑,산맥 수풀 글램핑 산책로 장비 
1679,1680,은빛물결캠핑장,수풀 강가 수영장 오토 애완견 산책로 아이들 트레일러 
1680,1681,의령나루캠프,강가 수영장 
1681,1682,입화산 참살이숲 제2오토캠핑장,산맥 수풀 수영장 산책로 체험 
1682,1683,자연속 캠핑장 ,계곡 수풀 
1683,1684,정원캠핑장,산맥 계곡 수영장 아이들 장비 트레일러 
1684,1685,제이원빌리지,산맥 수풀 수영장 글램핑 애완견 
1685,1686,제천 명암 오토캠핑장,수풀 수영장 애완견 장비 트레일러 
1686,1687,제천 모노레일 글램핑,수풀 글램핑 
1687,1688,제천공전자연 캠핑장,산맥 계곡 
1688,1689,조은자리 캠핑장,계곡 수영장 오토 아이들 
1689,1690,주노글램핑 인 광주,도심 
1690,1691,영월지구별캠프,계곡 수영장 오토 장비 트레일러 
1691,1692,지리산 카라반 캠핑장,산맥 계곡 
1692,1693,진틀펜션캠핑장,산맥 수영장 오토 카라반 장비 
1693,1694,천황사 천황 야영장,산맥 수풀 수영장 오토 아이들 
1694,1695,철이네 캠핑랜드,산맥 
1695,1696,청개울낚시 캠핑장,산맥 수풀 강가 수영장 오토 산책로 
1696,1697,청빈낙원캠핑장 ,산맥 계곡 
1697,1698,초원숲속야영장,산맥 수풀 
1698,1699,치유의 숲 야영장,산맥 수풀 오토 아이들 
1699,1700,가야산국립공원 치인자동차야영장,산맥 수풀 
1700,1701,칠선계곡글램핑 ,산맥 계곡 수풀 글램핑 
1701,1702,캠프 안단테,수풀 수영장 오토 애완견 아이들 장비 
1702,1703,쿼크밸리 캠프,산맥 계곡 수풀 수영장 오토 아이들 장비 체험 트레일러 
1703,1704,탄도항 노을 캠핑장,바다 수영장 글램핑 카라반 아이들 장비 
1704,1705,통제영오토캠핑장,섬섬 수영장 산책로 
1705,1706,파계 오토캠핑장,산맥 
1706,1707,파라독스캠핑,수풀 수영장 글램핑 애완견 산책로 아이들 
1707,1708,파인 글램핑,도심 오토 글램핑 산책로 
1708,1709,파인힐빌리지 캠핑장,산맥 수풀 수영장 산책로 아이들 장비 트레일러 
1709,1710,팔현야영장 ,수풀 
1710,1711,펜션600 캠핑장,수풀 수영장 카라반 산책로 아이들 
1711,1712,평화강변수목 캠핑장,강가 오토 
1712,1713,포천계곡캠핑장 ,계곡 수풀 수영장 오토 아이들 트레일러 
1713,1714,푸른고래 카라반 캠핑,바다 수영장 산책로 아이들 
1714,1715,프랭클리 글램핑,산맥 수영장 글램핑 산책로 아이들 
1715,1716,피플앤독 느티캠핑장,수풀 수영장 오토 애완견 산책로 장비 트레일러 
1716,1717,해금강호텔 야영장,강가 아이들 
1717,1718,해담마을 야영장,산맥 계곡 바다 강가 
1718,1719,행복나드리 캠핑장,산맥 
1719,1720,헬로 카라반,산맥 바다 강가 
1720,1721,홀스킹덤 글램핑,산맥 수풀 수영장 글램핑 산책로 아이들 체험 
1721,1722,화성시 향남 오토캠핑장,산맥 도심 
1722,1723,황금박쥐캠핑장,강가 오토 아이들 트레일러 
1723,1724,황방농원 캠핑장,호수 오토 트레일러 
1724,1725,휴일엔캠핑,산맥 수풀 강가 수영장 오토 애완견 장비 트레일러 
1725,1726,힐링아일랜드 글램핑,수풀 바다 수영장 오토 글램핑 애완견 아이들 장비 체험 
1726,1727,낙조힐링캠핑장,섬섬 바다 
1727,1728,가평글램핑클럽레스피아,산맥 수풀 수영장 오토 글램핑 산책로 
1728,1729,파이브이모션,호수 강가 수영장 애완견 아이들 체험 
1729,1730,캠핑엔비치,바다 아이들 트레일러 
1730,1731,(주)포세이돈,산맥 호수 수풀 수영장 카라반 아이들 장비 체험 
1731,1732,914해변캠핑장 ,바다 아이들 트레일러 
1732,1733, HJ글램핑&카라반,계곡 수풀 수영장 글램핑 카라반 아이들 
1733,1734,가족소풍캠핑장,계곡 수영장 오토 카라반 애완견 산책로 아이들 장비 체험 트레일러 
1734,1735,가평 물골숲 계곡 캠핑장 ,산맥 수풀 수영장 오토 아이들 장비 트레일러 
1735,1736,가평 오렌지캠프 ,계곡 수풀 수영장 오토 글램핑 장비 체험 
1736,1737,가평카라반캠핑농원 ,계곡 도심 강가 수영장 카라반 아이들 장비 
1737,1738,개울가오토캠핑장 ,산맥 계곡 수풀 수영장 오토 아이들 장비 트레일러 
1738,1739,계곡풍경캠핑장,산맥 계곡 수풀 수영장 오토 아이들 장비 
1739,1740,곤달비캠프 ,산맥 수풀 수영장 오토 아이들 장비 트레일러 
1740,1741,구봉산오토캠핑장 나인힐스,산맥 수풀 수영장 오토 글램핑 카라반 아이들 장비 트레일러 
1741,1742,국립유명산자연휴양림(일반),산맥 계곡 수풀 오토 아이들 
1742,1743,궁지골 농원 ,산맥 호수 수영장 오토 애완견 산책로 아이들 트레일러 
1743,1744,금다래캠핑장 ,계곡 수풀 오토 장비 
1744,1745,꽃내라팜,산맥 오토 체험 트레일러 
1745,1746,남이섬힐링 캠핑장,산맥 강가 수영장 애완견 
1746,1747,내소힐링캠프 ,수풀 수영장 오토 애완견 아이들 장비 체험 트레일러 
1747,1748,네스트캠핑,산맥 계곡 수풀 수영장 오토 장비 
1748,1749,녹천캠핑,산맥 계곡 수풀 수영장 오토 글램핑 산책로 아이들 체험 트레일러 
1749,1750,늘푸른쉼터,산맥 계곡 수풀 수영장 오토 애완견 아이들 장비 트레일러 
1750,1751,늘푸른캠핑장,계곡 수풀 
1751,1752,다누리골테마파크,산맥 수풀 수영장 오토 산책로 아이들 트레일러 
1752,1753,단풍숲캠핑장 ,산맥 수풀 오토 아이들 장비 트레일러 
1753,1754,담양 금성산성 오토캠핑장 ,산맥 수영장 오토 글램핑 애완견 산책로 아이들 장비 트레일러 
1754,1755,두리캠핑장,강가 오토 글램핑 산책로 아이들 장비 
1755,1756,두밀숲캠핑장,계곡 수풀 수영장 산책로 아이들 
1756,1757,들꽃여울캠핑장 ,산맥 계곡 수풀 수영장 오토 아이들 장비 트레일러 
1757,1758,레이크 캠핑장,호수 강가 수영장 글램핑 카라반 아이들 장비 체험 트레일러 
1758,1759,리즈밸리 글램핑캠핑장 ,산맥 계곡 수풀 수영장 글램핑 카라반 아이들 
1759,1760,줄포만갯벌생태공원 캠핑장,바다 오토 산책로 아이들 체험 트레일러 
1760,1761,마루한캠핑장,산맥 수영장 오토 아이들 장비 트레일러 
1761,1762,마운틴캠핑장 ,산맥 수풀 수영장 오토 글램핑 아이들 장비 트레일러 
1762,1763,메타파크 ,산맥 수영장 오토 카라반 아이들 
1763,1764,명돈골 캠핑장 ,산맥 계곡 수풀 수영장 오토 장비 트레일러 
1764,1765,명성가족캠핑촌 ,섬섬 오토 아이들 
1765,1766,몽돌바다캠핑장 ,섬섬 바다 오토 산책로 장비 체험 
1766,1767,문수산 캠핑장 ,산맥 계곡 수풀 수영장 오토 산책로 아이들 
1767,1768,물고기 관광농원,수풀 
1768,1769,백운계곡캠핑장,계곡 수풀 
1769,1770,백운힐링 캠핑장 ,산맥 계곡 수영장 오토 애완견 산책로 
1770,1771,변산리조트 ,바다 수영장 오토 카라반 산책로 아이들 체험 
1771,1772,별빛야영장 ,계곡 
1772,1773,별빛야영장,수풀 글램핑 아이들 
1773,1774,별빛오토캠핑장 ,산맥 계곡 수풀 도심 수영장 오토 산책로 장비 트레일러 
1774,1775,별헤는 밤 ,산맥 바다 
1775,1776,보리산캠핑장 ,산맥 수풀 수영장 글램핑 산책로 아이들 
1776,1777,브라보캠핑장 ,산맥 수풀 수영장 오토 애완견 산책로 아이들 장비 
1777,1778,산여울캠핑장 ,계곡 수풀 
1778,1779,산으로간 니모 캠핑장 ,산맥 수풀 수영장 오토 글램핑 애완견 아이들 장비 트레일러 
1779,1780,선재오토캠핑장,바다 수영장 아이들 체험 트레일러 
1780,1781,소풍캠핑장 ,산맥 계곡 수풀 수영장 오토 글램핑 애완견 아이들 장비 트레일러 
1781,1782,솔바람 캠핑장,산맥 바다 강가 
1782,1783,솔바람캠핑장 ,산맥 계곡 수풀 수영장 글램핑 애완견 아이들 장비 트레일러 
1783,1784,솔밭야영장 ,산맥 계곡 수풀 강가 
1784,1785,솔섬오토캠핑장 ,산맥 계곡 애완견 
1785,1786,숲속에안뜰 캠핑장,산맥 호수 수풀 오토 산책로 아이들 트레일러 
1786,1787,숲속의 정원 캠핑장 ,산맥 수풀 도심 강가 글램핑 산책로 아이들 장비 
1787,1788,신안우전설레미캠핑장 ,섬섬 바다 오토 카라반 아이들 장비 체험 트레일러 
1788,1789,싱글벙글 캠핑장 ,산맥 수풀 수영장 오토 산책로 아이들 장비 트레일러 
1789,1790,씨밀레자연관광농원,산맥 계곡 수풀 오토 애완견 아이들 트레일러 
1790,1791,아름다운글램핑장 ,강가 글램핑 아이들 
1791,1792,아름빌 ,산맥 
1792,1793,아트엔체험캠프 ,산맥 수영장 글램핑 산책로 아이들 장비 체험 트레일러 
1793,1794,알파고글램핑,계곡 수풀 수영장 오토 글램핑 장비 트레일러 
1794,1795,양달캠핑장,산맥 수풀 수영장 오토 카라반 산책로 아이들 장비 체험 트레일러 
1795,1796,에뜨유명산캠핑장,산맥 계곡 수풀 오토 아이들 장비 트레일러 
1796,1797,에이스카라반,산맥 계곡 수풀 오토 카라반 산책로 아이들 장비 트레일러 
1797,1798,연미향마을 오토캠핑장 ,산맥 수풀 오토 산책로 장비 체험 트레일러 
1798,1799,올덴캠핑장,산맥 수풀 강가 수영장 오토 글램핑 카라반 애완견 산책로 아이들 장비 트레일러 
1799,1800,올래캠핑장 ,산맥 계곡 수풀 수영장 오토 트레일러 
1800,1801,완도 명사십리 오토캠핑장 ,섬섬 바다 수영장 오토 카라반 산책로 아이들 트레일러 
1801,1802,용수 그린랜드,산맥 계곡 수풀 수영장 오토 글램핑 애완견 산책로 장비 트레일러 
1802,1803,용인힐링캠핑장 ,산맥 수풀 수영장 오토 아이들 장비 체험 트레일러 
1803,1804,우리들캠핑장,계곡 수풀 강가 수영장 오토 글램핑 아이들 
1804,1805,유명산라온캠핑장 ,산맥 계곡 수풀 수영장 오토 아이들 장비 트레일러 
1805,1806,유명산힐링캠프,산맥 계곡 수풀 수영장 오토 
1806,1807,율포오토캠핑장,바다 카라반 산책로 아이들 장비 체험 트레일러 
1807,1808,은석캠핑장 ,산맥 계곡 수풀 오토 애완견 아이들 장비 트레일러 
1808,1809,은석힐링마을캠핑장,산맥 오토 아이들 
1809,1810,은하캠핑장 ,산맥 도심 강가 오토 아이들 트레일러 
1810,1811,이레캠핑장 ,산맥 계곡 수풀 도심 강가 수영장 오토 글램핑 카라반 애완견 산책로 아이들 장비 체험 트레일러 
1811,1812,이순신 글램핑,산맥 바다 수영장 글램핑 아이들 장비 체험 
1812,1813,인오 캠핑장 ,산맥 계곡 
1813,1814,입화산 참살이 숲 야영장 ,산맥 수풀 수영장 오토 아이들 체험 
1814,1815,장수방화동캠핑장 ,산맥 계곡 수풀 오토 아이들 장비 트레일러 
1815,1816,장수자연관광농원 ,산맥 수풀 수영장 오토 산책로 아이들 장비 트레일러 
1816,1817,제암산자연휴양림 야영장,산맥 수영장 오토 산책로 아이들 체험 
1817,1818,주작산 별소리캠핑장 ,산맥 계곡 수풀 수영장 오토 글램핑 아이들 체험 트레일러 
1818,1819,주작산자연휴양림 야영장,산맥 수풀 오토 아이들 
1819,1820,추월산골드캠핑장 ,계곡 호수 수영장 오토 카라반 애완견 아이들 장비 트레일러 
1820,1821,캠플레이,산맥 오토 트레일러 
1821,1822,캠플레이 캠핑장 ,산맥 계곡 수풀 애완견 산책로 장비 트레일러 
1822,1823,캠핑스마일,산맥 계곡 수풀 오토 산책로 아이들 장비 체험 트레일러 
1823,1824,캠핑어클락 ,산맥 계곡 수풀 오토 글램핑 산책로 장비 트레일러 
1824,1825,캠핑포유 캠핑장 ,계곡 수풀 수영장 오토 아이들 장비 
1825,1826,토토큰바위 캠핑장 ,계곡 오토 글램핑 카라반 아이들 장비 트레일러 
1826,1827,티앤글램핑,산맥 계곡 수풀 수영장 글램핑 아이들 
1827,1828,파인힐캠프,산맥 수풀 
1828,1829,팡팡캠핑장,산맥 수풀 오토 애완견 아이들 트레일러 
1829,1830,포시즌,강가 
1830,1831,포시즌 캠핑장 ,계곡 오토 아이들 
1831,1832,포시즌 캠핑장 ,수풀 카라반 아이들 
1832,1833,푸른산페어웨이,수풀 글램핑 산책로 아이들 체험 
1833,1834,양평 플라워카라반펜션,계곡 수영장 오토 카라반 
1834,1835,플로렌스 글램핑& 캠핑 ,산맥 계곡 수풀 강가 수영장 글램핑 산책로 아이들 
1835,1836,하느제캠핑장,산맥 계곡 수영장 오토 아이들 장비 
1836,1837,가평설악 하늘계곡 캠핑장,산맥 계곡 수풀 수영장 오토 애완견 장비 체험 트레일러 
1837,1838,하늘땅별땅 캠핑장,산맥 계곡 수풀 오토 장비 
1838,1839,함평자연생태공원 캠핑장 ,호수 수풀 카라반 아이들 체험 
1839,1840,홀리데이캠핑장 ,산맥 계곡 수풀 오토 애완견 아이들 트레일러 
1840,1841,화야캠핑장 ,산맥 계곡 수풀 수영장 오토 아이들 장비 트레일러 
1841,1842,후평숲캠핑장,산맥 수풀 
1842,1843,휴앤락캠핑장,수풀 수영장 아이들 장비 트레일러 
1843,1844,힐링가평오토캠핑장 ,산맥 계곡 수풀 강가 수영장 글램핑 장비 트레일러 
1844,1845,탑글램핑,산맥 강가 수영장 애완견 산책로 아이들 장비 트레일러 
1845,1846,더포레스트 연지곤지점,도심 
1846,1847,솔내음 캠핑장,계곡 
1847,1848,계곡과느티나무 캠핑장,수풀 강가 오토 
1848,1849,청포대숲속야영장,산맥 오토 
1849,1850,통영 편백숲길관광농원 캠핑장,수풀 바다 수영장 글램핑 산책로 
1850,1851,괴강관광농원 카라반&캠핑장,강가 수영장 카라반 산책로 아이들 장비 
1851,1852,블루마린 캠핑장,산맥 도심 수영장 장비 
1852,1853,대동제상류생태공원 오토캠핑장,호수 
1853,1854,고명야영캠핑장,호수 오토 
1854,1855,베스트필드,산맥 계곡 수영장 글램핑 산책로 장비 
1855,1856,평화누리캠핑장,도심 오토 카라반 장비 
1856,1857,화명 오토캠핑장,산맥 바다 
1857,1858,위천수변 테마파크,산맥 수영장 오토 아이들 트레일러 
1858,1859,늘예솔글램핑,계곡 오토 글램핑 애완견 트레일러 
1859,1860,아쿠아마린캠핑장,계곡 수영장 오토 글램핑 애완견 아이들 
1860,1861,임진물새롬센터 오토캠핑장,강가 
1861,1862,숲속의야영장,산맥 수풀 
1862,1863,홍천강 자라바위 오토캠핑장,산맥 강가 
1863,1864,슬로우캠프,계곡 수풀 강가 
1864,1865,여울소리,수풀 강가 
1865,1866,천안시 국민여가캠핑장,산맥 강가 
1866,1867,테하스랜드 글램핑장,산맥 
1867,1868,산림청 국립자연휴양림관리소,산맥 수풀 바다 
1868,1869,백운제 농어촌테마공원 자동차 야영장,산맥 호수 
1869,1870,퓨어존사평 오토캠핑장,산맥 
1870,1871,홀통캠핑장,바다 오토 
1871,1872,돌머리 오토캠핑장,바다 
1872,1873,봉화솔향가득서울캠핑장,산맥 수풀 
1873,1874,밀양 엄마랑놀자 키즈글램핑,산맥 강가 
1874,1875,궁농오토캠핑장,섬섬 바다 
1875,1876,의령 거장산 오토캠핑장,산맥 
1876,1877,캠핑파크,바다 
1877,1878,선진캠핑,산맥 수풀 
1878,1879,청주시 현도오토캠핑장,산맥 강가 
1879,1880,국제문화스포츠교육원 제주힐링캠프,수풀 
1880,1881,천왕근린공원,도심 
1881,1882,장안캠프,호수 수풀 도심 수영장 오토 글램핑 아이들 
1882,1883,바다마을 팬션,산맥 바다 
1883,1884,너나들이캠핑장,도심 
1884,1885,뮤즈캠핑장,산맥 수풀 강가 
1885,1886,쥬라기 카라반,산맥 바다 강가 
1886,1887,강화도 아침 숲속야영장,산맥 수풀 
1887,1888,장경리해변 야영장,바다 수영장 오토 
1888,1889,등억알프스야영장,산맥 
1889,1890,해오름 야영장,산맥 수풀 오토 
1890,1891,울주해양레포츠센터 야영장,수풀 바다 
1891,1892,북한산농바위캠핑장,산맥 글램핑 
1892,1893,(주)대산기획피케이씨,도심 
1893,1894,작은쉼터야영장,산맥 도심 
1894,1895,물왕숲캠핑파크,산맥 
1895,1896,소풍캠핑장,호수 
1896,1897,초리 포레스트,계곡 
1897,1898,자연의꿈,수풀 
1898,1899,돌산캠핑장,산맥 
1899,1900,안성운모석캠핑장,산맥 수풀 
1900,1901,헬로우 힐 연인산 캠핑장,산맥 수풀 
1901,1902,엄소리오토캠핑장,계곡 
1902,1903,유명한캠핑장,산맥 계곡 
1903,1904,썬샤인캠프,산맥 수영장 글램핑 카라반 
1904,1905,메타피아 오래캠핑장,산맥 계곡 수풀 
1905,1906,파마스힐 캠핑장,바다 
1906,1907,소노문 양평,강가 수영장 오토 산책로 아이들 체험 
1907,1908,더휴글램핑,산맥 
1908,1909,산대분교공공캠핑장,수풀 
1909,1910,남이섬 제이드 캠핑,산맥 수풀 
1910,1911,강촌밸리,강가 
1911,1912,주식회사 캠프포지션,강가 
1912,1913,춘천하늘캠핑장,계곡 강가 
1913,1914,강촌버즈글램핑,강가 
1914,1915,피노키오관광농원 야영장,수풀 
1915,1916,베이스캠프,바다 
1916,1917,속초 밤하늘글램핑,바다 강가 
1917,1918,어울림캠핑장,산맥 계곡 
1918,1919,개똥이네캠핑장,강가 
1919,1920,J캠핑장,계곡 강가 
1920,1921,홍천 무네미 별마루 관광농원,산맥 
1921,1922,가람리조트,산맥 강가 
1922,1923,검산별빛캠핑장,산맥 수풀 
1923,1924,용오름캠핑장,계곡 아이들 
1924,1925,예담숲,수풀 
1925,1926,몬테리오,산맥 강가 
1926,1927,횡성 노다지야영장 불타는 삼촌 ,산맥 수풀 강가 
1927,1928,선바위자연캠핑장,계곡 오토 
1928,1929,나우캠핑장관광농원,산맥 수풀 강가 
1929,1930,동당미펜션 야영장,산맥 
1930,1931,동빈네 캠핑장,산맥 계곡 
1931,1932,백년펜션 야영장,산맥 계곡 
1932,1933,스카이 펜션&캠핑장,산맥 계곡 
1933,1934,다솜이 야영장,산맥 계곡 
1934,1935,청풍명월,계곡 
1935,1936,숲속의 작은집,산맥 계곡 수풀 강가 
1936,1937,내리계곡 솔밭캠핑장,계곡 수영장 오토 아이들 
1937,1938,별이 빛나는 밤에 펜션 캠핑,계곡 강가 
1938,1939,평창 태기산 캠핑장 펜션,산맥 계곡 수풀 강가 
1939,1940,연포분교야영장,강가 
1940,1941,밤개울캠핑장,강가 
1941,1942,폭포 캠핑 야영장,산맥 계곡 
1942,1943,깃대 캠핑장,산맥 강가 오토 산책로 장비 
1943,1944,나드리 캠핑장,강가 
1944,1945,솔베이캠핑장,수풀 
1945,1946,개차반캠핑장,산맥 호수 강가 애완견 
1946,1947,갈론계곡캠핑장,산맥 계곡 
1947,1948,솔밭캠프,산맥 계곡 도심 강가 
1948,1949,원남지야영장,산맥 호수 
1949,1950,한스빌리지,산맥 계곡 
1950,1951,파인 카라반 캠핑장,산맥 
1951,1952,캠핑하우스,수풀 도심 
1952,1953,정안 글램핑,수풀 
1953,1954,더반 힐 글램핑,산맥 
1954,1955,팔봉갯벌체험야영장,산맥 섬섬 바다 
1955,1956,바다물결캠핑장,바다 카라반 산책로 장비 
1956,1957,관리도캠핑장,산맥 섬섬 수풀 바다 
1957,1958,수류산골야영장,산맥 
1958,1959,비채야영장,산맥 수풀 
1959,1960,로뎀하우스,산맥 
1960,1961,무주 향로산 자연휴양림,산맥 계곡 수풀 강가 
1961,1962,핫캠핑장,계곡 강가 
1962,1963,라온야영장,산맥 호수 
1963,1964,하늘나리 캠핑장,계곡 강가 
1964,1965,톱머리 글램핑장,바다 글램핑 장비 
1965,1966,회산백련지 오토캠핑장,호수 오토 카라반 산책로 
1966,1967,휴파크,산맥 
1967,1968,솔내음 물댄동산 야영장,산맥 계곡 수풀 바다 
1968,1969,불태산야영장,산맥 바다 
1969,1970,명사십리 제2야영장,산맥 수풀 
1970,1971,명사십리 제3야영장,산맥 수풀 
1971,1972,유니의바다 카라반캠핑장,바다 도심 
1972,1973,숲속의드림캠프야영장,산맥 수풀 
1973,1974,토함산 락 글램핑,수풀 
1974,1975,사나래카라반캠핑,산맥 수풀 
1975,1976,포유 야영장,산맥 수풀 
1976,1977,용천수캠핑장,수풀 
1977,1978,스카이레저,수풀 
1978,1979,경주생태원캠핑장,산맥 
1979,1980,경주 더숲 관광농원,산맥 수풀 
1980,1981,두바퀴로 가는 자동차 관광농원,산맥 수풀 
1981,1982,소백산 꽃가람야영장,산맥 계곡 
1982,1983,글램코티지,호수 수풀 
1983,1984,하비리조트,강가 
1984,1985,신난다 글램핑,산맥 
1985,1986,상비오토캠핑,산맥 계곡 호수 
1986,1987,소망캠핑장,수풀 
1987,1988,(주)동재가산수피아,산맥 호수 
1988,1989,농업회사법인 오송 주식회사,산맥 호수 
1989,1990,이지캠핑,산맥 수풀 
1990,1991,봉화별야영장,계곡 수풀 
1991,1992,해간도캠핑장,섬섬 바다 수영장 오토 아이들 트레일러 
1992,1993,캠프라임,산맥 
1993,1994,창녕별숲글램핑,산맥 수풀 
1994,1995,버드하우스 캠핑장,바다 
1995,1996,남해 더왕 글램핑장,산맥 바다 
1996,1997,지리산 하루해 야영장,산맥 수풀 
1997,1998,경호강 카라반,산맥 강가 
1998,1999,BABO글램핑,산맥 수풀 수영장 글램핑 산책로 체험 
1999,2000,지리산리조트 글램핑,산맥 계곡 
2000,2001,용추글램핑&펜션,계곡 
2001,2002,캠핑파라다이스,산맥 
2002,2003,합천해피캠핑,호수 
2003,2004,장흥숲길캠핑장,수풀 강가 
2004,2005,별을 다는 아이,계곡 수풀 
2005,2006,양주 탑 관광농원 글램핑장,수풀 
2006,2007,깊이울마을 야영장,산맥 계곡 오토 카라반 
2007,2008,HJ글램핑,산맥 
2008,2009,당진난지도 국민여가캠핑장,수풀 바다 
2009,2010,농업회사법인 다온숲 주식회사,산맥 글램핑 애완견 
2010,2011,디-포레 카라반 파크,산맥 수풀 
2011,2012,솔라캠프,산맥 오토 
2012,2013,청포대 휴 야영장,바다 수영장 오토 애완견 아이들 장비 트레일러 
2013,2014,나라펜션캠핑장,바다 오토 아이들 트레일러 
2014,2015,와우키즈랜드 야영장,도심 
2015,2016,부에노스아이레스,산맥 계곡 
2016,2017,비토애,바다 수영장 글램핑 산책로 
2017,2018,파주쇠꼴마을고고캠핑장,계곡 수영장 애완견 트레일러 
2018,2019,산책,계곡 수영장 글램핑 애완견 
2019,2020,고창갯벌오토캠핑&글램핑장,바다 수영장 글램핑 산책로 아이들 
2020,2021,고목정,강가 수영장 오토 애완견 아이들 트레일러 
2021,2022,글램핑스테이션,산맥 호수 
2022,2023,사계절 야영장,계곡 수풀 수영장 오토 산책로 
2023,2024,대부도나라캠핑장,바다 수영장 
2024,2025,아이뜰관광농원,산맥 수풀 수영장 오토 애완견 산책로 아이들 장비 체험 
2025,2026,휴림,계곡 카라반 
2026,2027,백운산캠핑장,산맥 아이들 
2027,2028,진달래 관광농원 캠핑장,수풀 강가 오토 애완견 아이들 장비 
2028,2029,라무캠핑장,산맥 수영장 글램핑 애완견 
2029,2030,전원 오토캠핑장,계곡 수풀 수영장 아이들 트레일러 
2030,2031,전월산 국민여가캠핑장,산맥 오토 산책로 장비 
2031,2032,에제르파크,수풀 도심 수영장 오토 글램핑 카라반 애완견 산책로 아이들 
2032,2033,내리계곡 솔바람 캠핑장,계곡 오토 애완견 아이들 
2033,2034,해자연캠핑장,산맥 수영장 오토 아이들 
2034,2035,수덕 캠핑장,산맥 수영장 오토 애완견 아이들 
2035,2036,마노힐링캠프,산맥 수영장 카라반 
2036,2037,도봉야영장 (준비중),도심 오토 
2037,2038,몽산포오토캠핑장,바다 
2038,2039,몽산포패밀리데이캠핑장,바다 
2039,2040,솔향기캠핑장,산맥 수영장 오토 애완견 아이들 장비 트레일러 
2040,2041,청도 어울림 글램핑 타운,산맥 수영장 오토 글램핑 애완견 장비 
2041,2042,별빛마루 야영장,강가 오토 
2042,2043,젤루느린 달팽이,계곡 
2043,2044,아르보리아파크 캠핑장,산맥 수영장 오토 카라반 애완견 아이들 
2044,2045,학암포나로야영장,바다 수영장 오토 글램핑 카라반 아이들 트레일러 
2045,2046,청주시 미래지농촌테마공원 오토캠핑장,계곡 수영장 애완견 산책로 아이들 
2046,2047,그라티아 글램핑,산맥 수영장 글램핑 애완견 
2047,2048,진밭골야영장,산맥 오토 카라반 산책로 장비 
2048,2049,와우파크,수풀 바다 수영장 카라반 애완견 
2049,2050,팜스토리,산맥 수영장 글램핑 애완견 산책로 아이들 
2050,2051,트리앤캠프스토리,산맥 수풀 수영장 오토 카라반 애완견 산책로 아이들 
2051,2052,사목힐링캠프 태안캠핑농원,바다 수영장 애완견 아이들 
2052,2053,충주커피박물관 글램핑카라반펜션,산맥 호수 수영장 글램핑 카라반 애완견 아이들 
2053,2054,독립기념관 캠핑장,산맥 오토 애완견 아이들 장비 트레일러 
2054,2055,물동네힐링 야영장,산맥 수풀 수영장 오토 애완견 장비 
2055,2056,용담댐 오토 캠핑장,호수 카라반 산책로 아이들 
2056,2057,대부관광농원 오캠핑,바다 수영장 오토 산책로 
2057,2058,평화의댐 오토캠핑장,호수 강가 아이들 
2058,2059,김제 모악산 캠핑파크,산맥 오토 산책로 
2059,2060,펫 트리파크,산맥 강가 애완견 
2060,2061,상주 감꽃마을 서울캠핑장,산맥 수영장 아이들 
2061,2062, 알파카스테이,계곡 수영장 산책로 장비 
2062,2063,달콤이네 캠핑장,산맥 수영장 오토 애완견 산책로 아이들 트레일러 
2063,2064,노을캠핑장,바다 애완견 트레일러 
2064,2065,어망골 캠핑장,산맥 수영장 카라반 아이들 장비 
2065,2066,별곰 캠핑힐,산맥 계곡 수영장 오토 아이들 
2066,2067,해오름 글램핑,산맥 수영장 오토 글램핑 카라반 애완견 아이들 
2067,2068,오페라캠핑장,계곡 오토 글램핑 애완견 
2068,2069,stay714,계곡 
2069,2070,깊이울관광농원,산맥 계곡 수풀 오토 장비 트레일러 
2070,2071,홍천 쁘띠힐링카라반,강가 수영장 카라반 애완견 아이들 
2071,2072,마로니에숲 캠핑장,산맥 호수 수풀 수영장 오토 애완견 산책로 아이들 장비 체험 트레일러 
2072,2073,돌개 마실 캠핑장,산맥 수영장 오토 애완견 아이들 
2073,2074,월드니스 오토캠핑장,산맥 수영장 오토 애완견 산책로 아이들 
2074,2075,갈릴리 야영장,산맥 수영장 아이들 
2075,2076,백미리 희망캠핑장,바다 오토 산책로 
2076,2077,외룡송어회 캠핑장,강가 수영장 오토 
2077,2078,시공간,바다 수영장 산책로 
2078,2079,명파 해변 오토캠핑장,바다 
2079,2080,풀앤밸리야영장,계곡 수영장 오토 글램핑 애완견 
2080,2081,서창캠핑장,산맥 
2081,2082,정화네 불한증막 힐링캠프,산맥 수영장 글램핑 
2082,2083,자바카라반,바다 수영장 카라반 애완견 
2083,2084,에어스트림파크,호수 강가 카라반 애완견 트레일러 
2084,2085,민둥산글램핑,산맥 수영장 글램핑 애완견 
2085,2086,하와이언캠프,섬섬 
2086,2087,용추솔밭관광농원,산맥 수영장 오토 글램핑 애완견 아이들 
2087,2088,광주패밀리랜드 카라반캠핑장,도심 수영장 카라반 산책로 아이들 
2088,2089,두레캠핑장,산맥 계곡 수풀 수영장 오토 애완견 아이들 트레일러 
2089,2090,솔향강릉오토캠핑장,도심 카라반 애완견 산책로 
2090,2091,섬진강캠핑장,강가 카라반 애완견 
2091,2092,삿갓펜션 캠핑장,계곡 수영장 오토 아이들 
2092,2093,히어리캠핑장,산맥 계곡 수풀 수영장 오토 글램핑 애완견 아이들 장비 체험 트레일러 
2093,2094,넵투누스 카라반,호수 수영장 카라반 
2094,2095,대가야캠프타운,산맥 수풀 수영장 애완견 아이들 장비 트레일러 
2095,2096,황산도캠핑장,바다 오토 애완견 체험 
2096,2097,다목적광장 야영장,산맥 수풀 
2097,2098,경기도청소년야영장,산맥 계곡 글램핑 산책로 트레일러 
2098,2099,강릉여행 굿캠핑,바다 카라반 애완견 
2099,2100,몽산포오토캠핑장 2구역,수풀 바다 애완견 산책로 장비 트레일러 
2100,2101,우리두리글램핑장,계곡 수영장 글램핑 애완견 아이들 
2101,2102,블루파크,산맥 글램핑 애완견 
2102,2103,푸른섬 캠핑장,섬섬 수영장 산책로 아이들 
2103,2104,뉴욕카라반,산맥 수풀 카라반 
2104,2105,금관숲캠핑장,계곡 수풀 수영장 애완견 아이들 장비 
2105,2106,파라다이스캠프,계곡 오토 애완견 체험 
2106,2107,프렌즈캠핑장,호수 수영장 카라반 애완견 아이들 
2107,2108,범화권역 글램핑장,수풀 수영장 글램핑 애완견 
2108,2109,동양원목캠핑장,계곡 애완견 
2109,2110,오시유,산맥 카라반 애완견 
2110,2111,산중호걸 글램핑,산맥 수영장 오토 글램핑 카라반 애완견 아이들 
2111,2112,용소캠핑장,계곡 수영장 오토 애완견 아이들 트레일러 
2112,2113,문경 카라반파파,산맥 계곡 수풀 강가 수영장 카라반 산책로 아이들 장비 
2113,2114,유수암 캠핑장,산맥 애완견 
2114,2115,소백산마을 캠핑장,수풀 강가 수영장 애완견 아이들 트레일러 
2115,2116,동해 주노글램핑장,산맥 수풀 수영장 글램핑 애완견 아이들 
2116,2117,말보로맨 오토캠핑장,산맥 수풀 카라반 애완견 
2117,2118,십리포해수욕장 야영장,바다 오토 애완견 
2118,2119,풀무골 글램핑장,산맥 수영장 글램핑 카라반 애완견 
2119,2120,어거스트캠핑장,산맥 수영장 오토 카라반 산책로 아이들 
2120,2121,오하브,산맥 수풀 강가 수영장 오토 글램핑 애완견 장비 
2121,2122,하늘정원캠핑장,섬섬 바다 오토 
2122,2123,꿈꾸는 계곡 야영장,계곡 오토 트레일러 
2123,2124,토일관광농원,산맥 수영장 오토 카라반 애완견 아이들 트레일러 
2124,2125,청풍로또카라반캠프,도심 오토 카라반 애완견 아이들 
2125,2126,맑은물소리캠핑장,계곡 수영장 아이들 
2126,2127,칠성캠핑장,수풀 아이들 트레일러 
2127,2128,방길낚시캠핑장,산맥 호수 카라반 애완견 트레일러 
2128,2129,오션포레글램핑,산맥 수영장 글램핑 애완견 아이들 
2129,2130,왕피천 숲속 캠핑장,계곡 수풀 수영장 오토 애완견 산책로 
2130,2131,서해캠핑장,바다 글램핑 카라반 애완견 
2131,2132,펫힐링 달빛동물원 캠핑장,산맥 애완견 아이들 
2132,2133,북극곰 야영장,계곡 오토 애완견 산책로 
2133,2134,케이엘리조트,호수 글램핑 애완견 
2134,2135,화진해수욕장 마을번영회 야영장,바다 
2135,2136,칠포그린로즈야영장,수풀 수영장 오토 카라반 애완견 아이들 장비 트레일러 
2136,2137,도화지오토캠핑장,계곡 수영장 카라반 애완견 아이들 장비 트레일러 
2137,2138,별천지야영장,계곡 오토 애완견 
2138,2139,웰컴투캠프,계곡 수영장 오토 애완견 아이들 트레일러 
2139,2140,다놀자캠핑장,계곡 수영장 애완견 아이들 장비 트레일러 
2140,2141,영암군 국민여가 캠핑장,산맥 오토 애완견 산책로 
2141,2142,블루문캠핑장,산맥 오토 
2142,2143,용화해수욕장 야영장,바다 
2143,2144,영암 글램핑,수풀 수영장 글램핑 아이들 
2144,2145,영덕 더스트림 카라반야영장,산맥 바다 카라반 아이들 장비 
2145,2146,타요캠핑장,바다 카라반 애완견 
2146,2147,에스글램핑,산맥 수영장 글램핑 아이들 장비 
2147,2148,장항오토캠핑장,수풀 바다 수영장 애완견 아이들 장비 트레일러 
2148,2149,포레스트 캠핑장,산맥 수영장 오토 글램핑 
2149,2150,명도그 오토캠핑장,바다 애완견 트레일러 
2150,2151,선인장,수풀 카라반 산책로 
2151,2152,철이네캠핑장,계곡 오토 애완견 
2152,2153,자연과함께 펜션캠핑장,계곡 오토 애완견 아이들 트레일러 
2153,2154,몽산포오션캠핑장,수풀 바다 수영장 오토 아이들 장비 
2154,2155,소나무 풍경 펜션 야영장,계곡 수영장 카라반 
2155,2156,자연에 머물다,수풀 오토 글램핑 아이들 장비 
2156,2157,원스캠핑장,산맥 바다 수영장 오토 애완견 장비 
2157,2158,괴산홍삼랜드 가족캠핑장,산맥 바다 수영장 오토 
2158,2159,소양호 뱃길나루터,호수 수영장 오토 애완견 
2159,2160,잣향기푸른숲캠핑장,산맥 수풀 수영장 애완견 아이들 트레일러 
2160,2161,핀란드캠핑성,계곡 수영장 글램핑 아이들 
2161,2162,울산 힐링캠프,수풀 오토 애완견 아이들 
2162,2163,하남 야영장,산맥 수영장 오토 아이들 
2163,2164,덕이네 펜션&캠핑,산맥 수풀 수영장 오토 애완견 아이들 
2164,2165,하솜캠프,산맥 수풀 수영장 애완견 
2165,2166,집다리캠핑장,수풀 오토 
2166,2167,마인드 글램퍼스,산맥 글램핑 
2167,2168,더캠프,산맥 수풀 오토 애완견 트레일러 
2168,2169,보광농촌체험휴양마을,산맥 오토 산책로 트레일러 
2169,2170,여수자매로캠핑장,산맥 수영장 카라반 트레일러 
2170,2171,솔밭마을,도심 
2171,2172,태백구문소힐링캠프,계곡 수영장 글램핑 애완견 아이들 
2172,2173,세계캠핑체험존,강가 수영장 오토 글램핑 산책로 
2173,2174,밀양189 야영장,강가 수영장 오토 글램핑 애완견 아이들 트레일러 
2174,2175,별보미 관광농원,산맥 수영장 오토 글램핑 애완견 장비 
2175,2176,KEROAIN CAMP (케로아인캠프),산맥 수풀 수영장 오토 
2176,2177,오지봉커뮤니센터 야영장,강가 수영장 애완견 
2177,2178,덕산해변 캠핑장,바다 오토 카라반 애완견 장비 트레일러 
2178,2179,화원684글램핑,바다 수영장 글램핑 아이들 
2179,2180,(주)오리장림 관광농원 자동차야영장 ,수풀 글램핑 
2180,2181,맹방 비치캠핑장,바다 오토 글램핑 장비 
2181,2182,강화바다관광농원,섬섬 수영장 애완견 
2182,2183,양주 하늘캠핑장,산맥 
2183,2184,금호강 오토캠핑장,강가 수영장 애완견 아이들 트레일러 
2184,2185,가야산오토캠핑장,계곡 수풀 강가 
2185,2186,문앤스타 캠핑장,산맥 오토 애완견 산책로 아이들 
2186,2187,매초 동화마을 품&카라반,계곡 카라반 애완견 
2187,2188,노산팔경 캠핑장 관광농원,산맥 오토 카라반 장비 
2188,2189,팜스테이 글램핑 앤 펜션,계곡 글램핑 
2189,2190,불스글램핑 함평점,산맥 수영장 글램핑 아이들 
2190,2191,이천농업테마공원 국민여가캠핑장,산맥 오토 아이들 
2191,2192,연지곤지팜캠핑장,산맥 수영장 오토 글램핑 애완견 
2192,2193,에버그린 캠핑장,계곡 수풀 수영장 오토 애완견 아이들 장비 
2193,2194,카우 글램핑,바다 글램핑 애완견 
2194,2195,대천용두야영장,산맥 바다 오토 애완견 아이들 트레일러 
2195,2196,아지트글램핑농원,산맥 수영장 글램핑 애완견 아이들 
2196,2197,얼음골 캠핑장,산맥 수영장 글램핑 애완견 트레일러 
2197,2198,소회산리멍우리협곡관광농원(캠핑장),계곡 오토 애완견 
2198,2199,아쿠아베이(주) 글램핑,바다 도심 수영장 글램핑 애완견 아이들 
2199,2200,열두달캠핑장,계곡 수영장 오토 애완견 
2200,2201,산호야관광농원,강가 수영장 오토 카라반 아이들 
2201,2202,토리아이글램핑,산맥 수영장 글램핑 애완견 아이들 
2202,2203,에어그라운드,바다 카라반 애완견 산책로 아이들 
2203,2204,포항국민여가캠핑장,산맥 수풀 
2204,2205,인스타글램,수풀 글램핑 
2205,2206,호명산잣나무숲속캠핑장,산맥 수풀 오토 애완견 
2206,2207,더 포레스트,산맥 오토 아이들 
2207,2208,벨루아야영장,산맥 호수 
2208,2209,가야산 캠핑장,산맥 호수 수영장 오토 애완견 아이들 장비 트레일러 
2209,2210,윤제림오토캠핑장,산맥 수풀 아이들 
2210,2211,가창글램핑장,산맥 
2211,2212,(유)금강 두승산 글램핑,산맥 수영장 글램핑 애완견 
2212,2213,동강빌리지 야영장,강가 카라반 산책로 
2213,2214,이화야영장,산맥 오토 애완견 산책로 
2214,2215,행화촌자연테마파크,산맥 수영장 오토 애완견 산책로 아이들 체험 트레일러 
2215,2216,가온빌리지,강가 오토 글램핑 아이들 트레일러 
2216,2217,양양 포레스트캠핑장,산맥 계곡 수풀 수영장 오토 글램핑 트레일러 
2217,2218,파이어씨드,도심 
2218,2219,캠핑in곡성,산맥 수영장 오토 
2219,2220,클라인캠프 빌리지,산맥 수영장 오토 애완견 
2220,2221,산내들 야영장,산맥 수영장 오토 산책로 아이들 
2221,2222,장성잔디로야영장,산맥 수영장 오토 아이들 
2222,2223,백담정 캠핑장,산맥 계곡 바다 강가 
2223,2224,루파니애견캠핑장,산맥 수영장 오토 글램핑 애완견 산책로 장비 
2224,2225,대부도 아라뜰 캠핑장,섬섬 수영장 오토 애완견 아이들 장비 트레일러 
2225,2226,경호강변오토캠핑장,강가 수영장 글램핑 카라반 애완견 아이들 트레일러 
2226,2227,마실캠핑장,산맥 수영장 애완견 트레일러 
2227,2228,봄날처럼,수풀 수영장 애완견 산책로 아이들 체험 트레일러 
2228,2229,봉스글램핑,수풀 수영장 글램핑 애완견 산책로 아이들 
2229,2230,죠스글램핑,산맥 수영장 글램핑 애완견 아이들 
2230,2231,죠스캠핑장,산맥 수영장 오토 글램핑 애완견 아이들 
2231,2232,화기애애 단풍 캠핑장,계곡 수영장 애완견 
2232,2233,뚜뚜글램핑,산맥 수영장 글램핑 
2233,2234,은이골가족캠핑장,산맥 수영장 오토 산책로 아이들 
2234,2235,한반도 솔숲 쉼터,수풀 수영장 오토 산책로 아이들 
2235,2236,청송오토캠핑장,수풀 강가 수영장 글램핑 애완견 아이들 
2236,2237,휴랜드관광농원,계곡 수영장 글램핑 카라반 애완견 아이들 
2237,2238,꿈꾸는 농부 오토캠핑장,수풀 도심 수영장 애완견 아이들 트레일러 
2238,2239,청수가든,산맥 오토 애완견 장비 
2239,2240,숲속야영장 횡성대피소,산맥 
2240,2241,마의태자캠핑장,산맥 계곡 수풀 강가 
2241,2242,수리덤 숲속야영장,산맥 계곡 
2242,2243,가평글램트리리조트,산맥 수풀 
2243,2244,안목커피거리카라반캠핑,수풀 
2244,2245,양주그린캠프,산맥 계곡 
2245,2246,베리굿 오토캠핑장,산맥 
2246,2247,아로니움글램핑,강가 
2247,2248,연천 전곡리유적 구석기 체험숲,수풀 
2248,2249,송계계곡 숙박단지,산맥 계곡 
2249,2250,J글램핑,바다 오토 글램핑 산책로 
2250,2251,백학자유로리조트,산맥 
2251,2252,내리 캠핑장,도심 
2252,2253,바람이좋은저녁,산맥 
2253,2254,힐링스토리펜션야영장,산맥 호수 
2254,2255,캠핑 올라,산맥 도심 강가 애완견 
2255,2256,마노아워터캠핑장,산맥 
2256,2257,안성허브마을캠핑장,산맥 수풀 
2257,2258,태백 눈꽃 야영장,강가 
2258,2259,상주 가족캠핑장,바다 
2259,2260,용설호수캠핑장,산맥 호수 수풀 강가 오토 
2260,2261,심천공원 오토캠핌장,산맥 강가 
2261,2262,석갱이오토캠핑장,바다 
2262,2263,자연카라반 캠핑장,산맥 강가 
2263,2264,따봉캠핑장,산맥 
2264,2265,자두마을,산맥 오토 애완견 
2265,2266,학천야영장,산맥 
2266,2267,사계절랜드파크마검포텐트오토캠핑야영장,바다 
2267,2268,화양동야영장,산맥 계곡 수풀 
2268,2269,청송 얼음골 야영장,산맥 수풀 바다 
2269,2270,반디품은마을,수풀 강가 
2270,2271,판운캠핑장,강가 오토 애완견 산책로 장비 
2271,2272,인제소재골야영장,강가 
2272,2273,풀내음캠핑장,산맥 수풀 바다 강가 
2273,2274,은하수 캠핑장,산맥 호수 강가 수영장 애완견 
2274,2275,징검다리 캠핑장,바다 강가 애완견 장비 트레일러 
2275,2276,엘리캠핑장,산맥 수풀 
2276,2277,연포제1야영장,산맥 바다 
2277,2278,강화무지개글램핑,강가 
2278,2279,문경 단산 숲속 캠핑장,산맥 수풀 강가 
2279,2280,프라도 캠핑장,산맥 계곡 강가 
2280,2281,하너미 캠핑장,바다 
2281,2282,달다래 캠핑장,산맥 바다 
2282,2283,가로림글램핑,산맥 바다 
2283,2284,몽산포그린캠핑장,산맥 바다 강가 
2284,2285,숲속 캠핑장,호수 
2285,2286,서울 서초 글램핑 청계산장,산맥 강가 
2286,2287,코코로망스,바다 
2287,2288,밀양캠핑홀릭,산맥 오토 애완견 산책로 
2288,2289,청평원레저타운,산맥 글램핑 
2289,2290,리버뷰캠핑장,강가 오토 애완견 산책로 
2290,2291,홍천강 이야기 글램핑,강가 
2291,2292,수동시온캠프,산맥 계곡 바다 
2292,2293,레이크문캠핑장,계곡 호수 수영장 애완견 산책로 아이들 장비 체험 트레일러 
2293,2294,고재 야영장,호수 강가 
2294,2295,빨간집 야영장,호수 도심 강가 
2295,2296,구곡폭포 국민여가 캠핑장,산맥 강가 
2296,2297,독박골 대청마루,계곡 
2297,2298,여울지숲속캠핑장,산맥 수풀 오토 
2298,2299,군위전투전승기념공원 캠핑장,산맥 계곡 
2299,2300,묵산 캠핑장,계곡 강가 
2300,2301,캐빈,바다 
2301,2302,사강스마트팜캠핑장,산맥 강가 
2302,2303,소백산 신선펜션 & 캠핑,산맥 
2303,2304,독스아웃,산맥 강가 
2304,2305,왜목오토캠핑장,산맥 
2305,2306,무주 별빛 카라반,산맥 계곡 
2306,2307,선라이즈글램핑,산맥 
2307,2308,세울터 오토캠핑장,산맥 수영장 애완견 산책로 
2308,2309,대황강 자연휴식체험장 야영장,수풀 강가 
2309,2310,붉은오름 자연휴양림 숲속 야영장,산맥 수풀 
2310,2311,천사섬캠핑&글램핑,섬섬 바다 
2311,2312,문수산 자연휴양림 야영장,산맥 수풀 
2312,2313,메아리 글램핑장,산맥 바다 
2313,2314,아레나글램핑,산맥 강가 수영장 글램핑 
2314,2315,캠프포레,산맥 계곡 수풀 
2315,2316,진여지야영장,산맥 강가 
2316,2317,멍글멍글 펫 글램핑,강가 애완견 
2317,2318,용문산 해와달,산맥 수풀 바다 
2318,2319,풀무산 캠핑장,산맥 계곡 도심 
2319,2320,해미읍성역사캠핑장,산맥 
2320,2321,아라미르글램핑,섬섬 바다 
2321,2322,보성강 용정권역 어울마당 야영장,수풀 
2322,2323,양양오색 휴랜드 야영장,계곡 강가 
2323,2324,다온세울터 야영장,산맥 계곡 
2324,2325,숲속야영장,산맥 수풀 
2325,2326,소요별앤숲테마파크,산맥 수풀 
2326,2327,백운일출캠핑장,계곡 
2327,2328,강릉 금진리321카라반,강가 
2328,2329,블루밍,바다 
2329,2330,별무리,산맥 계곡 
2330,2331,귀촌 관광농원,산맥 계곡 
2331,2332,가고파캠핑장,산맥 수풀 
2332,2333,모모카라반,산맥 바다 카라반 애완견 
2333,2334,에버그린빌리지,계곡 수영장 글램핑 애완견 
2334,2335,덕산참숯랜드,산맥 수영장 오토 카라반 산책로 
2335,2336,춘천별빛캠핑장,수풀 도심 강가 애완견 
2336,2337,가평포레스트카라반랜드,산맥 수영장 카라반 산책로 
2337,2338,아이사랑캠핑장,수풀 수영장 오토 애완견 산책로 
2338,2339,하늘바다글램핑,섬섬 바다 
2339,2340,운일암반일암 국민여가캠핑장,산맥 계곡 수풀 
2340,2341,대둔산 수락캠핑장,산맥 계곡 수풀 
2341,2342,팜핑레이크 캠핑장,산맥 계곡 
2342,2343,(주)두산개발 별고을테마파크,산맥 계곡 
2343,2344,상족암오토캠핑장(2캠핑장),바다 
2344,2345,좋은 카라반,산맥 
2345,2346,성주선바위캠핑장,계곡 
2346,2347,이화만리캠핑장,산맥 
2347,2348,하비오토캠핑장,바다 
2348,2349,수림 휴원,산맥 강가 
2349,2350,힐데스하임야영장,산맥 
2350,2351,학현아름마을오토캠핑장,산맥 계곡 
2351,2352,팔봉참살이오토캠핑장,산맥 강가 
2352,2353,무티(M)글램핑장,산맥 호수 
2353,2354,답게,강가 
2354,2355,축령산 오션파크,강가 
2355,2356,매미캠프,산맥 섬섬 
2356,2357,올레야영장,수풀 
2357,2358,글렌 252,산맥 계곡 수풀 
2358,2359,자양보오토캠핑장,산맥 
2359,2360,황매산미리내파크 오토캠핑장,산맥 
2360,2361,돈내미농장,산맥 수풀 
2361,2362,삼강나루캠핑장,강가 수영장 산책로 아이들 장비 체험 트레일러 
2362,2363,산내자연캠프,산맥 수풀 강가 
2363,2364,성북구 삼척수련원,바다 
2364,2365,별똥별 글램핑,산맥 
2365,2366,물댄동산,산맥 호수 
2366,2367,하조대캠핑카,산맥 바다 강가 
2367,2368,강동오토캠핑장,바다 
2368,2369,몽산포힐링캠핑장,산맥 바다 
2369,2370,몽골캠핑장,산맥 계곡 수풀 오토 애완견 트레일러 
2370,2371,원주웰빙캠프,산맥 강가 
2371,2372,천왕산 가족캠핑장,산맥 수풀 바다 도심 
2372,2373,고운마을캠핑장,수풀 오토 애완견 
2373,2374,한탄강둘레길캠핑장,강가 
2374,2375,솔미캠핑장,강가 
2375,2376,주식회사비브릿지글램핑,산맥 
2376,2377,영월한반도캠핑장,산맥 
2377,2378,범도아리아글램핑,산맥 계곡 
2378,2379,양평카라반파파,산맥 계곡 수풀 
2379,2380,거창서핑파크,강가 
2380,2381,강나루야영장,강가 오토 
2381,2382,(주)온어스빌리지 야영장,강가 
2382,2383,천보wellness캠핑장,산맥 
2383,2384,스카이랜드리조트,산맥 섬섬 수풀 카라반 산책로 장비 
2384,2385,별빛밤바다,바다 
2385,2386,커몽 그라운드,수풀 애완견 
2386,2387,가평무릉도원캠핑장,계곡 
2387,2388,백자동 캠핑장,산맥 계곡 
2388,2389,도명산캠핑장,산맥 계곡 강가 
2389,2390,옥전캠핑장,계곡 수풀 수영장 오토 애완견 산책로 아이들 
2390,2391,광덕그린농원 야영장,수풀 
2391,2392,늘솔길 캠핑장,산맥 강가 
2392,2393,동두천 자연휴양림,산맥 수풀 
2393,2394,(주)수피아캠핑카라반,산맥 
2394,2395,양주 패밀리 캠핑장,도심 
2395,2396,연천리버힐캠핑장,산맥 계곡 강가 
2396,2397,욕지도 관광농원,섬섬 바다 
2397,2398,산타캠핑장,산맥 강가 
2398,2399,고령 대가야 카라반,산맥 수풀 오토 카라반 
2399,2400,캠핑소리251,계곡 강가 
2400,2401,새움정,산맥 수풀 오토 애완견 체험 
2401,2402,용인 룰루랄라 캠핑장,산맥 
2402,2403,코뿔소글램핑,산맥 강가 
2403,2404,배티하우스,강가 
2404,2405,보다더캠핑,산맥 
2405,2406,젤리캠프,산맥 섬섬 바다 
2406,2407,행운야영장,산맥 수풀 
2407,2408,산청펫글램핑,산맥 애완견 
2408,2409,트리하우스계곡야영장,산맥 계곡 
2409,2410,아우노펠리스,산맥 강가 
2410,2411,화순 고인돌 오토캠핑장,산맥 
2411,2412,수도권매립지 캠핑장,산맥 
2412,2413,몽고몽고글램핑	,강가 오토 글램핑 산책로 
2413,2414,성보촌 캠핑장,수풀 
2414,2415,대기리 숲속 관광농원,산맥 수풀 
2415,2416,나주 죽산보 오토캠핑장,산맥 강가 
2416,2417,청풍호반 오토캠핑장,산맥 호수 
2417,2418,우리집 야영장,강가 
2418,2419,지리산생태체험단지,산맥 
2419,2420,월등도 캠핑장,섬섬 
2420,2421,인천송도국제캠핑장,산맥 
2421,2422,가평 워크샵 캠핑장 씨브이,산맥 계곡 강가 
2422,2423,제천카라반 더그린,산맥 수영장 오토 카라반 산책로 
2423,2424,더하루캠핑파크,강가 수영장 오토 글램핑 카라반 산책로 아이들 트레일러 
2424,2425,스페인마을 카라반,섬섬 
2425,2426,유곡면 농촌체험랜드,산맥 강가 
2426,2427,허브하우스 금오산오토캠핑장,산맥 
2427,2428,약사밤나무집 캠핑장,산맥 
2428,2429,수산하늘풍경,산맥 계곡 
2429,2430,우니메이카 캠핑장 양양점,계곡 강가 
2430,2431,시골학교캠핑장,수풀 도심 
2431,2432,작은별야영장,산맥 강가 
2432,2433,비손관광농원 야영장,산맥 수풀 
2433,2434,여울지숲속캠핑장,산맥 수풀 
2434,2435,용인 둥지골 캠핑장,산맥 수풀 
2435,2436,빙계얼음골 야영장,산맥 계곡 수풀 
2436,2437,연인산 다목적 캠핑장,산맥 
2437,2438,아만다키즈글램핑,산맥 
2438,2439,캠프 인디오,강가 
2439,2440,함양라온캠핑장,바다 
2440,2441,조봉야영장,산맥 계곡 수풀 
2441,2442,해울림영농조합법인,바다 
2442,2443,가야산백운오토캠핑장,산맥 계곡 바다 
2443,2444,골드펫리조트,산맥 강가 
2444,2445,무주 더 스위트 글램핑,산맥 계곡 글램핑 애완견 
2445,2446,퀘렌시아,수풀 
2446,2447,강화도 크로바야영장	,바다 오토 산책로 
2447,2448,그레이스 글램핑,강가 수영장 글램핑 산책로 
2448,2449,러빙유 카라반 캠핑장,산맥 오토 카라반 산책로 장비 
2449,2450,참살이 가족 캠핑장,산맥 산책로 체험 
2450,2451,달빛야영장,산맥 계곡 수풀 
2451,2452,행복한 체험 캠핑장,도심 강가 
2452,2453,캠프1530,산맥 호수 
2453,2454,다둥이네캠핑장,계곡 섬섬 
2454,2455,하기숲 가족캠핑장,도심 
2455,2456,힐링오름캠핑장,산맥 
2456,2457,채계산 구름 관광농원,강가 
2457,2458,신두리정원오토캠핑야영장,바다 
2458,2459,무지개캠핑장,수풀 오토 
2459,2460,담터 금학캠핑장,산맥 계곡 수풀 
2460,2461,은지가족야영장,호수 
2461,2462,명봉산솔밭관광농원오토캠핑장,산맥 
2462,2463,선바위야영장,산맥 계곡 수풀 
2463,2464,벨하우스,수풀 강가 
2464,2465,탄도호캠핑장,산맥 
2465,2466,파인트리캠핑장,산맥 계곡 
2466,2467,광산구 국민여가 친환경 오토캠핑장,산맥 호수 
2467,2468,도둑골신규,산맥 계곡 
2468,2469,무릉관광농원,수풀 
2469,2470,솔밭캠핑장,바다 
2470,2471,주식회사 제이에스 글로벌,산맥 
2471,2472,바다야 놀자,산맥 섬섬 바다 
2472,2473,물과별이 흐르는,계곡 
2473,2474,남작골 농촌체험휴양마을 야영장,수풀 강가 
2474,2475,우니메이카 고령점,산맥 
2475,2476,수입리캠핑장,산맥 계곡 오토 
2476,2477,슬로우위켄드,산맥 오토 글램핑 산책로 장비 
2477,2478,보개산 야영장,산맥 계곡 
2478,2479,동창선아트스테이,섬섬 바다 
2479,2480,바람숲야영장,산맥 
2480,2481,별바라기 캠핑 펜션,산맥 
2481,2482,산정호수 돌고래 캠핑장,산맥 계곡 수풀 
2482,2483,채움카라반리조트,산맥 수풀 
2483,2484,숲내음카라반캠핑장,산맥 계곡 수풀 
2484,2485,백제캠핑장,산맥 수영장 애완견 산책로 아이들 트레일러 
2485,2486,갈천힐링캠프,산맥 수풀 
2486,2487,쭌카라반 캠핑장,수풀 바다 
2487,2488,포게더 카라반 지조개발,바다 
2488,2489,매물도야영장,섬섬 바다 
2489,2490,블루문 오토캠핑,산맥 
